correlation,k1,k2,top_X_percent,probability
-0.1,50,1,0.01,0.2183
-0.1,50,1,0.02,0.418
-0.1,50,1,0.03,0.5739
-0.1,50,1,0.04,0.7004
-0.1,50,1,0.05,0.7857
-0.1,50,1,0.060000000000000005,0.8546
-0.1,50,1,0.06999999999999999,0.9008
-0.1,50,1,0.08,0.9307
-0.1,50,1,0.09,0.9569
-0.1,50,1,0.09999999999999999,0.9717
-0.1,50,2,0.01,0.024
-0.1,50,2,0.02,0.1006
-0.1,50,2,0.03,0.2096
-0.1,50,2,0.04,0.3296
-0.1,50,2,0.05,0.4503
-0.1,50,2,0.060000000000000005,0.5652
-0.1,50,2,0.06999999999999999,0.6649
-0.1,50,2,0.08,0.7468
-0.1,50,2,0.09,0.8115
-0.1,50,2,0.09999999999999999,0.8629
-0.1,50,3,0.01,0.0018
-0.1,50,3,0.02,0.0167
-0.1,50,3,0.03,0.0542
-0.1,50,3,0.04,0.1159
-0.1,50,3,0.05,0.1968
-0.1,50,3,0.060000000000000005,0.2888
-0.1,50,3,0.06999999999999999,0.3934
-0.1,50,3,0.08,0.4875
-0.1,50,3,0.09,0.5839
-0.1,50,3,0.09999999999999999,0.6625
-0.1,50,4,0.01,0.0001
-0.1,50,4,0.02,0.0019
-0.1,50,4,0.03,0.0092
-0.1,50,4,0.04,0.0295
-0.1,50,4,0.05,0.0673
-0.1,50,4,0.060000000000000005,0.1234
-0.1,50,4,0.06999999999999999,0.193
-0.1,50,4,0.08,0.265
-0.1,50,4,0.09,0.3522
-0.1,50,4,0.09999999999999999,0.4379
-0.1,50,5,0.01,0.0
-0.1,50,5,0.02,0.0004
-0.1,50,5,0.03,0.001
-0.1,50,5,0.04,0.005
-0.1,50,5,0.05,0.0152
-0.1,50,5,0.060000000000000005,0.0389
-0.1,50,5,0.06999999999999999,0.0724
-0.1,50,5,0.08,0.1173
-0.1,50,5,0.09,0.1794
-0.1,50,5,0.09999999999999999,0.2509
-0.1,50,6,0.01,0.0
-0.1,50,6,0.02,0.0
-0.1,50,6,0.03,0.0002
-0.1,50,6,0.04,0.0014
-0.1,50,6,0.05,0.0041
-0.1,50,6,0.060000000000000005,0.0102
-0.1,50,6,0.06999999999999999,0.0257
-0.1,50,6,0.08,0.045
-0.1,50,6,0.09,0.0783
-0.1,50,6,0.09999999999999999,0.1205
-0.1,150,1,0.01,0.5794
-0.1,150,1,0.02,0.8517
-0.1,150,1,0.03,0.9479
-0.1,150,1,0.04,0.9821
-0.1,150,1,0.05,0.9954
-0.1,150,1,0.060000000000000005,0.9987
-0.1,150,1,0.06999999999999999,0.9997
-0.1,150,1,0.08,1.0
-0.1,150,1,0.09,1.0
-0.1,150,1,0.09999999999999999,1.0
-0.1,150,2,0.01,0.2037
-0.1,150,2,0.02,0.5581
-0.1,150,2,0.03,0.7913
-0.1,150,2,0.04,0.9136
-0.1,150,2,0.05,0.9645
-0.1,150,2,0.060000000000000005,0.9898
-0.1,150,2,0.06999999999999999,0.9965
-0.1,150,2,0.08,0.9989
-0.1,150,2,0.09,0.9996
-0.1,150,2,0.09999999999999999,0.9998
-0.1,150,3,0.01,0.0488
-0.1,150,3,0.02,0.28
-0.1,150,3,0.03,0.5588
-0.1,150,3,0.04,0.7754
-0.1,150,3,0.05,0.8891
-0.1,150,3,0.060000000000000005,0.9577
-0.1,150,3,0.06999999999999999,0.9846
-0.1,150,3,0.08,0.994
-0.1,150,3,0.09,0.9979
-0.1,150,3,0.09999999999999999,0.9994
-0.1,150,4,0.01,0.0093
-0.1,150,4,0.02,0.1107
-0.1,150,4,0.03,0.3249
-0.1,150,4,0.04,0.5694
-0.1,150,4,0.05,0.7574
-0.1,150,4,0.060000000000000005,0.8802
-0.1,150,4,0.06999999999999999,0.9499
-0.1,150,4,0.08,0.9777
-0.1,150,4,0.09,0.9917
-0.1,150,4,0.09999999999999999,0.9962
-0.1,150,5,0.01,0.0009
-0.1,150,5,0.02,0.0357
-0.1,150,5,0.03,0.1588
-0.1,150,5,0.04,0.3698
-0.1,150,5,0.05,0.5817
-0.1,150,5,0.060000000000000005,0.7631
-0.1,150,5,0.06999999999999999,0.8786
-0.1,150,5,0.08,0.9396
-0.1,150,5,0.09,0.9739
-0.1,150,5,0.09999999999999999,0.9899
-0.1,150,6,0.01,0.0001
-0.1,150,6,0.02,0.0096
-0.1,150,6,0.03,0.066
-0.1,150,6,0.04,0.2093
-0.1,150,6,0.05,0.3975
-0.1,150,6,0.060000000000000005,0.6048
-0.1,150,6,0.06999999999999999,0.7654
-0.1,150,6,0.08,0.8723
-0.1,150,6,0.09,0.9395
-0.1,150,6,0.09999999999999999,0.9707
-0.1,250,1,0.01,0.803
-0.1,250,1,0.02,0.9708
-0.1,250,1,0.03,0.9957
-0.1,250,1,0.04,0.9991
-0.1,250,1,0.05,0.9998
-0.1,250,1,0.060000000000000005,1.0
-0.1,250,1,0.06999999999999999,1.0
-0.1,250,1,0.08,1.0
-0.1,250,1,0.09,1.0
-0.1,250,1,0.09999999999999999,1.0
-0.1,250,2,0.01,0.4714
-0.1,250,2,0.02,0.8651
-0.1,250,2,0.03,0.971
-0.1,250,2,0.04,0.9944
-0.1,250,2,0.05,0.9992
-0.1,250,2,0.060000000000000005,0.9998
-0.1,250,2,0.06999999999999999,1.0
-0.1,250,2,0.08,1.0
-0.1,250,2,0.09,1.0
-0.1,250,2,0.09999999999999999,1.0
-0.1,250,3,0.01,0.1985
-0.1,250,3,0.02,0.6747
-0.1,250,3,0.03,0.9033
-0.1,250,3,0.04,0.9778
-0.1,250,3,0.05,0.995
-0.1,250,3,0.060000000000000005,0.9992
-0.1,250,3,0.06999999999999999,0.9999
-0.1,250,3,0.08,1.0
-0.1,250,3,0.09,1.0
-0.1,250,3,0.09999999999999999,1.0
-0.1,250,4,0.01,0.0621
-0.1,250,4,0.02,0.4363
-0.1,250,4,0.03,0.7767
-0.1,250,4,0.04,0.9328
-0.1,250,4,0.05,0.9845
-0.1,250,4,0.060000000000000005,0.9969
-0.1,250,4,0.06999999999999999,0.9995
-0.1,250,4,0.08,0.9998
-0.1,250,4,0.09,1.0
-0.1,250,4,0.09999999999999999,1.0
-0.1,250,5,0.01,0.0157
-0.1,250,5,0.02,0.2398
-0.1,250,5,0.03,0.605
-0.1,250,5,0.04,0.8566
-0.1,250,5,0.05,0.9559
-0.1,250,5,0.060000000000000005,0.9912
-0.1,250,5,0.06999999999999999,0.9982
-0.1,250,5,0.08,0.9996
-0.1,250,5,0.09,1.0
-0.1,250,5,0.09999999999999999,1.0
-0.1,250,6,0.01,0.0024
-0.1,250,6,0.02,0.1103
-0.1,250,6,0.03,0.4197
-0.1,250,6,0.04,0.735
-0.1,250,6,0.05,0.9006
-0.1,250,6,0.060000000000000005,0.9733
-0.1,250,6,0.06999999999999999,0.9945
-0.1,250,6,0.08,0.9984
-0.1,250,6,0.09,0.9998
-0.1,250,6,0.09999999999999999,1.0
-0.1,350,1,0.01,0.9197
-0.1,350,1,0.02,0.9961
-0.1,350,1,0.03,1.0
-0.1,350,1,0.04,1.0
-0.1,350,1,0.05,1.0
-0.1,350,1,0.060000000000000005,1.0
-0.1,350,1,0.06999999999999999,1.0
-0.1,350,1,0.08,1.0
-0.1,350,1,0.09,1.0
-0.1,350,1,0.09999999999999999,1.0
-0.1,350,2,0.01,0.705
-0.1,350,2,0.02,0.9722
-0.1,350,2,0.03,0.9982
-0.1,350,2,0.04,0.9999
-0.1,350,2,0.05,1.0
-0.1,350,2,0.060000000000000005,1.0
-0.1,350,2,0.06999999999999999,1.0
-0.1,350,2,0.08,1.0
-0.1,350,2,0.09,1.0
-0.1,350,2,0.09999999999999999,1.0
-0.1,350,3,0.01,0.4212
-0.1,350,3,0.02,0.9005
-0.1,350,3,0.03,0.9878
-0.1,350,3,0.04,0.9996
-0.1,350,3,0.05,0.9999
-0.1,350,3,0.060000000000000005,1.0
-0.1,350,3,0.06999999999999999,1.0
-0.1,350,3,0.08,1.0
-0.1,350,3,0.09,1.0
-0.1,350,3,0.09999999999999999,1.0
-0.1,350,4,0.01,0.1979
-0.1,350,4,0.02,0.7604
-0.1,350,4,0.03,0.9602
-0.1,350,4,0.04,0.9966
-0.1,350,4,0.05,0.9996
-0.1,350,4,0.060000000000000005,0.9999
-0.1,350,4,0.06999999999999999,1.0
-0.1,350,4,0.08,1.0
-0.1,350,4,0.09,1.0
-0.1,350,4,0.09999999999999999,1.0
-0.1,350,5,0.01,0.0726
-0.1,350,5,0.02,0.5765
-0.1,350,5,0.03,0.8992
-0.1,350,5,0.04,0.9842
-0.1,350,5,0.05,0.9984
-0.1,350,5,0.060000000000000005,0.9999
-0.1,350,5,0.06999999999999999,1.0
-0.1,350,5,0.08,1.0
-0.1,350,5,0.09,1.0
-0.1,350,5,0.09999999999999999,1.0
-0.1,350,6,0.01,0.0191
-0.1,350,6,0.02,0.3852
-0.1,350,6,0.03,0.8007
-0.1,350,6,0.04,0.9619
-0.1,350,6,0.05,0.9944
-0.1,350,6,0.060000000000000005,0.9999
-0.1,350,6,0.06999999999999999,1.0
-0.1,350,6,0.08,1.0
-0.1,350,6,0.09,1.0
-0.1,350,6,0.09999999999999999,1.0
-0.1,450,1,0.01,0.9725
-0.1,450,1,0.02,0.9996
-0.1,450,1,0.03,1.0
-0.1,450,1,0.04,1.0
-0.1,450,1,0.05,1.0
-0.1,450,1,0.060000000000000005,1.0
-0.1,450,1,0.06999999999999999,1.0
-0.1,450,1,0.08,1.0
-0.1,450,1,0.09,1.0
-0.1,450,1,0.09999999999999999,1.0
-0.1,450,2,0.01,0.8596
-0.1,450,2,0.02,0.9957
-0.1,450,2,0.03,1.0
-0.1,450,2,0.04,1.0
-0.1,450,2,0.05,1.0
-0.1,450,2,0.060000000000000005,1.0
-0.1,450,2,0.06999999999999999,1.0
-0.1,450,2,0.08,1.0
-0.1,450,2,0.09,1.0
-0.1,450,2,0.09999999999999999,1.0
-0.1,450,3,0.01,0.659
-0.1,450,3,0.02,0.9782
-0.1,450,3,0.03,0.999
-0.1,450,3,0.04,1.0
-0.1,450,3,0.05,1.0
-0.1,450,3,0.060000000000000005,1.0
-0.1,450,3,0.06999999999999999,1.0
-0.1,450,3,0.08,1.0
-0.1,450,3,0.09,1.0
-0.1,450,3,0.09999999999999999,1.0
-0.1,450,4,0.01,0.4107
-0.1,450,4,0.02,0.9333
-0.1,450,4,0.03,0.9964
-0.1,450,4,0.04,0.9999
-0.1,450,4,0.05,1.0
-0.1,450,4,0.060000000000000005,1.0
-0.1,450,4,0.06999999999999999,1.0
-0.1,450,4,0.08,1.0
-0.1,450,4,0.09,1.0
-0.1,450,4,0.09999999999999999,1.0
-0.1,450,5,0.01,0.2047
-0.1,450,5,0.02,0.8467
-0.1,450,5,0.03,0.986
-0.1,450,5,0.04,0.9996
-0.1,450,5,0.05,1.0
-0.1,450,5,0.060000000000000005,1.0
-0.1,450,5,0.06999999999999999,1.0
-0.1,450,5,0.08,1.0
-0.1,450,5,0.09,1.0
-0.1,450,5,0.09999999999999999,1.0
-0.1,450,6,0.01,0.083
-0.1,450,6,0.02,0.7142
-0.1,450,6,0.03,0.9637
-0.1,450,6,0.04,0.9984
-0.1,450,6,0.05,1.0
-0.1,450,6,0.060000000000000005,1.0
-0.1,450,6,0.06999999999999999,1.0
-0.1,450,6,0.08,1.0
-0.1,450,6,0.09,1.0
-0.1,450,6,0.09999999999999999,1.0
-0.1,550,1,0.01,0.9922
-0.1,550,1,0.02,1.0
-0.1,550,1,0.03,1.0
-0.1,550,1,0.04,1.0
-0.1,550,1,0.05,1.0
-0.1,550,1,0.060000000000000005,1.0
-0.1,550,1,0.06999999999999999,1.0
-0.1,550,1,0.08,1.0
-0.1,550,1,0.09,1.0
-0.1,550,1,0.09999999999999999,1.0
-0.1,550,2,0.01,0.9444
-0.1,550,2,0.02,1.0
-0.1,550,2,0.03,1.0
-0.1,550,2,0.04,1.0
-0.1,550,2,0.05,1.0
-0.1,550,2,0.060000000000000005,1.0
-0.1,550,2,0.06999999999999999,1.0
-0.1,550,2,0.08,1.0
-0.1,550,2,0.09,1.0
-0.1,550,2,0.09999999999999999,1.0
-0.1,550,3,0.01,0.8342
-0.1,550,3,0.02,0.9974
-0.1,550,3,0.03,1.0
-0.1,550,3,0.04,1.0
-0.1,550,3,0.05,1.0
-0.1,550,3,0.060000000000000005,1.0
-0.1,550,3,0.06999999999999999,1.0
-0.1,550,3,0.08,1.0
-0.1,550,3,0.09,1.0
-0.1,550,3,0.09999999999999999,1.0
-0.1,550,4,0.01,0.6438
-0.1,550,4,0.02,0.9871
-0.1,550,4,0.03,0.9999
-0.1,550,4,0.04,1.0
-0.1,550,4,0.05,1.0
-0.1,550,4,0.060000000000000005,1.0
-0.1,550,4,0.06999999999999999,1.0
-0.1,550,4,0.08,1.0
-0.1,550,4,0.09,1.0
-0.1,550,4,0.09999999999999999,1.0
-0.1,550,5,0.01,0.4291
-0.1,550,5,0.02,0.9661
-0.1,550,5,0.03,0.9994
-0.1,550,5,0.04,1.0
-0.1,550,5,0.05,1.0
-0.1,550,5,0.060000000000000005,1.0
-0.1,550,5,0.06999999999999999,1.0
-0.1,550,5,0.08,1.0
-0.1,550,5,0.09,1.0
-0.1,550,5,0.09999999999999999,1.0
-0.1,550,6,0.01,0.2366
-0.1,550,6,0.02,0.9156
-0.1,550,6,0.03,0.9966
-0.1,550,6,0.04,1.0
-0.1,550,6,0.05,1.0
-0.1,550,6,0.060000000000000005,1.0
-0.1,550,6,0.06999999999999999,1.0
-0.1,550,6,0.08,1.0
-0.1,550,6,0.09,1.0
-0.1,550,6,0.09999999999999999,1.0
0.0,50,1,0.01,0.386
0.0,50,1,0.02,0.6402
0.0,50,1,0.03,0.7761
0.0,50,1,0.04,0.8694
0.0,50,1,0.05,0.9206
0.0,50,1,0.060000000000000005,0.9539
0.0,50,1,0.06999999999999999,0.9756
0.0,50,1,0.08,0.9859
0.0,50,1,0.09,0.9919
0.0,50,1,0.09999999999999999,0.9955
0.0,50,2,0.01,0.0806
0.0,50,2,0.02,0.2622
0.0,50,2,0.03,0.4367
0.0,50,2,0.04,0.5975
0.0,50,2,0.05,0.7168
0.0,50,2,0.060000000000000005,0.8108
0.0,50,2,0.06999999999999999,0.8754
0.0,50,2,0.08,0.9176
0.0,50,2,0.09,0.9483
0.0,50,2,0.09999999999999999,0.9689
0.0,50,3,0.01,0.0116
0.0,50,3,0.02,0.0751
0.0,50,3,0.03,0.1854
0.0,50,3,0.04,0.317
0.0,50,3,0.05,0.453
0.0,50,3,0.060000000000000005,0.5797
0.0,50,3,0.06999999999999999,0.6824
0.0,50,3,0.08,0.7678
0.0,50,3,0.09,0.836
0.0,50,3,0.09999999999999999,0.8855
0.0,50,4,0.01,0.0012
0.0,50,4,0.02,0.0169
0.0,50,4,0.03,0.0581
0.0,50,4,0.04,0.1396
0.0,50,4,0.05,0.2354
0.0,50,4,0.060000000000000005,0.3458
0.0,50,4,0.06999999999999999,0.4662
0.0,50,4,0.08,0.5661
0.0,50,4,0.09,0.6614
0.0,50,4,0.09999999999999999,0.7412
0.0,50,5,0.01,0.0003
0.0,50,5,0.02,0.0018
0.0,50,5,0.03,0.0144
0.0,50,5,0.04,0.0479
0.0,50,5,0.05,0.0969
0.0,50,5,0.060000000000000005,0.1731
0.0,50,5,0.06999999999999999,0.267
0.0,50,5,0.08,0.3648
0.0,50,5,0.09,0.469
0.0,50,5,0.09999999999999999,0.5619
0.0,50,6,0.01,0.0001
0.0,50,6,0.02,0.0006
0.0,50,6,0.03,0.0032
0.0,50,6,0.04,0.0129
0.0,50,6,0.05,0.0363
0.0,50,6,0.060000000000000005,0.0746
0.0,50,6,0.06999999999999999,0.134
0.0,50,6,0.08,0.203
0.0,50,6,0.09,0.2923
0.0,50,6,0.09999999999999999,0.3784
0.0,150,1,0.01,0.7822
0.0,150,1,0.02,0.9563
0.0,150,1,0.03,0.9904
0.0,150,1,0.04,0.9987
0.0,150,1,0.05,0.9998
0.0,150,1,0.060000000000000005,1.0
0.0,150,1,0.06999999999999999,1.0
0.0,150,1,0.08,1.0
0.0,150,1,0.09,1.0
0.0,150,1,0.09999999999999999,1.0
0.0,150,2,0.01,0.4261
0.0,150,2,0.02,0.8146
0.0,150,2,0.03,0.9416
0.0,150,2,0.04,0.9859
0.0,150,2,0.05,0.9969
0.0,150,2,0.060000000000000005,0.9991
0.0,150,2,0.06999999999999999,0.9997
0.0,150,2,0.08,0.9999
0.0,150,2,0.09,1.0
0.0,150,2,0.09999999999999999,1.0
0.0,150,3,0.01,0.1681
0.0,150,3,0.02,0.5894
0.0,150,3,0.03,0.8343
0.0,150,3,0.04,0.9451
0.0,150,3,0.05,0.9852
0.0,150,3,0.060000000000000005,0.9955
0.0,150,3,0.06999999999999999,0.9986
0.0,150,3,0.08,0.9996
0.0,150,3,0.09,0.9999
0.0,150,3,0.09999999999999999,0.9999
0.0,150,4,0.01,0.0495
0.0,150,4,0.02,0.3447
0.0,150,4,0.03,0.6569
0.0,150,4,0.04,0.8606
0.0,150,4,0.05,0.9494
0.0,150,4,0.060000000000000005,0.9828
0.0,150,4,0.06999999999999999,0.9946
0.0,150,4,0.08,0.998
0.0,150,4,0.09,0.9993
0.0,150,4,0.09999999999999999,0.9997
0.0,150,5,0.01,0.0121
0.0,150,5,0.02,0.1675
0.0,150,5,0.03,0.46
0.0,150,5,0.04,0.7271
0.0,150,5,0.05,0.8765
0.0,150,5,0.060000000000000005,0.9542
0.0,150,5,0.06999999999999999,0.9846
0.0,150,5,0.08,0.9946
0.0,150,5,0.09,0.9976
0.0,150,5,0.09999999999999999,0.9992
0.0,150,6,0.01,0.0023
0.0,150,6,0.02,0.0693
0.0,150,6,0.03,0.2789
0.0,150,6,0.04,0.557
0.0,150,6,0.05,0.7639
0.0,150,6,0.060000000000000005,0.8987
0.0,150,6,0.06999999999999999,0.9596
0.0,150,6,0.08,0.9853
0.0,150,6,0.09,0.9942
0.0,150,6,0.09999999999999999,0.9979
0.0,250,1,0.01,0.9264
0.0,250,1,0.02,0.9952
0.0,250,1,0.03,0.9994
0.0,250,1,0.04,0.9999
0.0,250,1,0.05,1.0
0.0,250,1,0.060000000000000005,1.0
0.0,250,1,0.06999999999999999,1.0
0.0,250,1,0.08,1.0
0.0,250,1,0.09,1.0
0.0,250,1,0.09999999999999999,1.0
0.0,250,2,0.01,0.7238
0.0,250,2,0.02,0.9688
0.0,250,2,0.03,0.9963
0.0,250,2,0.04,0.9997
0.0,250,2,0.05,1.0
0.0,250,2,0.060000000000000005,1.0
0.0,250,2,0.06999999999999999,1.0
0.0,250,2,0.08,1.0
0.0,250,2,0.09,1.0
0.0,250,2,0.09999999999999999,1.0
0.0,250,3,0.01,0.4445
0.0,250,3,0.02,0.8962
0.0,250,3,0.03,0.9834
0.0,250,3,0.04,0.9977
0.0,250,3,0.05,0.9999
0.0,250,3,0.060000000000000005,1.0
0.0,250,3,0.06999999999999999,1.0
0.0,250,3,0.08,1.0
0.0,250,3,0.09,1.0
0.0,250,3,0.09999999999999999,1.0
0.0,250,4,0.01,0.2089
0.0,250,4,0.02,0.7588
0.0,250,4,0.03,0.9493
0.0,250,4,0.04,0.9932
0.0,250,4,0.05,0.9992
0.0,250,4,0.060000000000000005,1.0
0.0,250,4,0.06999999999999999,1.0
0.0,250,4,0.08,1.0
0.0,250,4,0.09,1.0
0.0,250,4,0.09999999999999999,1.0
0.0,250,5,0.01,0.0798
0.0,250,5,0.02,0.5764
0.0,250,5,0.03,0.882
0.0,250,5,0.04,0.9778
0.0,250,5,0.05,0.9963
0.0,250,5,0.060000000000000005,0.9994
0.0,250,5,0.06999999999999999,1.0
0.0,250,5,0.08,1.0
0.0,250,5,0.09,1.0
0.0,250,5,0.09999999999999999,1.0
0.0,250,6,0.01,0.0253
0.0,250,6,0.02,0.3782
0.0,250,6,0.03,0.7683
0.0,250,6,0.04,0.9469
0.0,250,6,0.05,0.9907
0.0,250,6,0.060000000000000005,0.9984
0.0,250,6,0.06999999999999999,0.9998
0.0,250,6,0.08,1.0
0.0,250,6,0.09,1.0
0.0,250,6,0.09999999999999999,1.0
0.0,350,1,0.01,0.9779
0.0,350,1,0.02,0.9996
0.0,350,1,0.03,1.0
0.0,350,1,0.04,1.0
0.0,350,1,0.05,1.0
0.0,350,1,0.060000000000000005,1.0
0.0,350,1,0.06999999999999999,1.0
0.0,350,1,0.08,1.0
0.0,350,1,0.09,1.0
0.0,350,1,0.09999999999999999,1.0
0.0,350,2,0.01,0.8824
0.0,350,2,0.02,0.997
0.0,350,2,0.03,0.9999
0.0,350,2,0.04,1.0
0.0,350,2,0.05,1.0
0.0,350,2,0.060000000000000005,1.0
0.0,350,2,0.06999999999999999,1.0
0.0,350,2,0.08,1.0
0.0,350,2,0.09,1.0
0.0,350,2,0.09999999999999999,1.0
0.0,350,3,0.01,0.6909
0.0,350,3,0.02,0.981
0.0,350,3,0.03,0.9996
0.0,350,3,0.04,1.0
0.0,350,3,0.05,1.0
0.0,350,3,0.060000000000000005,1.0
0.0,350,3,0.06999999999999999,1.0
0.0,350,3,0.08,1.0
0.0,350,3,0.09,1.0
0.0,350,3,0.09999999999999999,1.0
0.0,350,4,0.01,0.4409
0.0,350,4,0.02,0.9395
0.0,350,4,0.03,0.9962
0.0,350,4,0.04,0.9997
0.0,350,4,0.05,1.0
0.0,350,4,0.060000000000000005,1.0
0.0,350,4,0.06999999999999999,1.0
0.0,350,4,0.08,1.0
0.0,350,4,0.09,1.0
0.0,350,4,0.09999999999999999,1.0
0.0,350,5,0.01,0.2293
0.0,350,5,0.02,0.8578
0.0,350,5,0.03,0.986
0.0,350,5,0.04,0.9992
0.0,350,5,0.05,1.0
0.0,350,5,0.060000000000000005,1.0
0.0,350,5,0.06999999999999999,1.0
0.0,350,5,0.08,1.0
0.0,350,5,0.09,1.0
0.0,350,5,0.09999999999999999,1.0
0.0,350,6,0.01,0.1015
0.0,350,6,0.02,0.727
0.0,350,6,0.03,0.9615
0.0,350,6,0.04,0.9974
0.0,350,6,0.05,0.9999
0.0,350,6,0.060000000000000005,1.0
0.0,350,6,0.06999999999999999,1.0
0.0,350,6,0.08,1.0
0.0,350,6,0.09,1.0
0.0,350,6,0.09999999999999999,1.0
0.0,450,1,0.01,0.9942
0.0,450,1,0.02,0.9999
0.0,450,1,0.03,1.0
0.0,450,1,0.04,1.0
0.0,450,1,0.05,1.0
0.0,450,1,0.060000000000000005,1.0
0.0,450,1,0.06999999999999999,1.0
0.0,450,1,0.08,1.0
0.0,450,1,0.09,1.0
0.0,450,1,0.09999999999999999,1.0
0.0,450,2,0.01,0.9564
0.0,450,2,0.02,0.9998
0.0,450,2,0.03,1.0
0.0,450,2,0.04,1.0
0.0,450,2,0.05,1.0
0.0,450,2,0.060000000000000005,1.0
0.0,450,2,0.06999999999999999,1.0
0.0,450,2,0.08,1.0
0.0,450,2,0.09,1.0
0.0,450,2,0.09999999999999999,1.0
0.0,450,3,0.01,0.8515
0.0,450,3,0.02,0.9974
0.0,450,3,0.03,1.0
0.0,450,3,0.04,1.0
0.0,450,3,0.05,1.0
0.0,450,3,0.060000000000000005,1.0
0.0,450,3,0.06999999999999999,1.0
0.0,450,3,0.08,1.0
0.0,450,3,0.09,1.0
0.0,450,3,0.09999999999999999,1.0
0.0,450,4,0.01,0.6662
0.0,450,4,0.02,0.9897
0.0,450,4,0.03,0.9999
0.0,450,4,0.04,1.0
0.0,450,4,0.05,1.0
0.0,450,4,0.060000000000000005,1.0
0.0,450,4,0.06999999999999999,1.0
0.0,450,4,0.08,1.0
0.0,450,4,0.09,1.0
0.0,450,4,0.09999999999999999,1.0
0.0,450,5,0.01,0.4406
0.0,450,5,0.02,0.9642
0.0,450,5,0.03,0.999
0.0,450,5,0.04,1.0
0.0,450,5,0.05,1.0
0.0,450,5,0.060000000000000005,1.0
0.0,450,5,0.06999999999999999,1.0
0.0,450,5,0.08,1.0
0.0,450,5,0.09,1.0
0.0,450,5,0.09999999999999999,1.0
0.0,450,6,0.01,0.2437
0.0,450,6,0.02,0.9187
0.0,450,6,0.03,0.9969
0.0,450,6,0.04,1.0
0.0,450,6,0.05,1.0
0.0,450,6,0.060000000000000005,1.0
0.0,450,6,0.06999999999999999,1.0
0.0,450,6,0.08,1.0
0.0,450,6,0.09,1.0
0.0,450,6,0.09999999999999999,1.0
0.0,550,1,0.01,0.9984
0.0,550,1,0.02,1.0
0.0,550,1,0.03,1.0
0.0,550,1,0.04,1.0
0.0,550,1,0.05,1.0
0.0,550,1,0.060000000000000005,1.0
0.0,550,1,0.06999999999999999,1.0
0.0,550,1,0.08,1.0
0.0,550,1,0.09,1.0
0.0,550,1,0.09999999999999999,1.0
0.0,550,2,0.01,0.986
0.0,550,2,0.02,1.0
0.0,550,2,0.03,1.0
0.0,550,2,0.04,1.0
0.0,550,2,0.05,1.0
0.0,550,2,0.060000000000000005,1.0
0.0,550,2,0.06999999999999999,1.0
0.0,550,2,0.08,1.0
0.0,550,2,0.09,1.0
0.0,550,2,0.09999999999999999,1.0
0.0,550,3,0.01,0.9358
0.0,550,3,0.02,0.9997
0.0,550,3,0.03,1.0
0.0,550,3,0.04,1.0
0.0,550,3,0.05,1.0
0.0,550,3,0.060000000000000005,1.0
0.0,550,3,0.06999999999999999,1.0
0.0,550,3,0.08,1.0
0.0,550,3,0.09,1.0
0.0,550,3,0.09999999999999999,1.0
0.0,550,4,0.01,0.8242
0.0,550,4,0.02,0.9987
0.0,550,4,0.03,1.0
0.0,550,4,0.04,1.0
0.0,550,4,0.05,1.0
0.0,550,4,0.060000000000000005,1.0
0.0,550,4,0.06999999999999999,1.0
0.0,550,4,0.08,1.0
0.0,550,4,0.09,1.0
0.0,550,4,0.09999999999999999,1.0
0.0,550,5,0.01,0.6485
0.0,550,5,0.02,0.9941
0.0,550,5,0.03,1.0
0.0,550,5,0.04,1.0
0.0,550,5,0.05,1.0
0.0,550,5,0.060000000000000005,1.0
0.0,550,5,0.06999999999999999,1.0
0.0,550,5,0.08,1.0
0.0,550,5,0.09,1.0
0.0,550,5,0.09999999999999999,1.0
0.0,550,6,0.01,0.4522
0.0,550,6,0.02,0.9831
0.0,550,6,0.03,0.9998
0.0,550,6,0.04,1.0
0.0,550,6,0.05,1.0
0.0,550,6,0.060000000000000005,1.0
0.0,550,6,0.06999999999999999,1.0
0.0,550,6,0.08,1.0
0.0,550,6,0.09,1.0
0.0,550,6,0.09999999999999999,1.0
0.1,50,1,0.01,0.5954
0.1,50,1,0.02,0.8198
0.1,50,1,0.03,0.9131
0.1,50,1,0.04,0.9623
0.1,50,1,0.05,0.9825
0.1,50,1,0.060000000000000005,0.9919
0.1,50,1,0.06999999999999999,0.9961
0.1,50,1,0.08,0.9976
0.1,50,1,0.09,0.9989
0.1,50,1,0.09999999999999999,0.9993
0.1,50,2,0.01,0.2158
0.1,50,2,0.02,0.5054
0.1,50,2,0.03,0.6999
0.1,50,2,0.04,0.8294
0.1,50,2,0.05,0.9036
0.1,50,2,0.060000000000000005,0.9456
0.1,50,2,0.06999999999999999,0.9741
0.1,50,2,0.08,0.9846
0.1,50,2,0.09,0.9917
0.1,50,2,0.09999999999999999,0.9963
0.1,50,3,0.01,0.0531
0.1,50,3,0.02,0.2351
0.1,50,3,0.03,0.4278
0.1,50,3,0.04,0.6107
0.1,50,3,0.05,0.7332
0.1,50,3,0.060000000000000005,0.8297
0.1,50,3,0.06999999999999999,0.8963
0.1,50,3,0.08,0.9369
0.1,50,3,0.09,0.9614
0.1,50,3,0.09999999999999999,0.9783
0.1,50,4,0.01,0.0088
0.1,50,4,0.02,0.085
0.1,50,4,0.03,0.2165
0.1,50,4,0.04,0.3762
0.1,50,4,0.05,0.5253
0.1,50,4,0.060000000000000005,0.6523
0.1,50,4,0.06999999999999999,0.7558
0.1,50,4,0.08,0.8324
0.1,50,4,0.09,0.8924
0.1,50,4,0.09999999999999999,0.928
0.1,50,5,0.01,0.0008
0.1,50,5,0.02,0.0238
0.1,50,5,0.03,0.0873
0.1,50,5,0.04,0.1916
0.1,50,5,0.05,0.3179
0.1,50,5,0.060000000000000005,0.4557
0.1,50,5,0.06999999999999999,0.5764
0.1,50,5,0.08,0.6827
0.1,50,5,0.09,0.7695
0.1,50,5,0.09999999999999999,0.833
0.1,50,6,0.01,0.0002
0.1,50,6,0.02,0.0057
0.1,50,6,0.03,0.0312
0.1,50,6,0.04,0.0858
0.1,50,6,0.05,0.1714
0.1,50,6,0.060000000000000005,0.2779
0.1,50,6,0.06999999999999999,0.3906
0.1,50,6,0.08,0.5077
0.1,50,6,0.09,0.6131
0.1,50,6,0.09999999999999999,0.6978
0.1,150,1,0.01,0.9191
0.1,150,1,0.02,0.9926
0.1,150,1,0.03,0.9993
0.1,150,1,0.04,0.9999
0.1,150,1,0.05,1.0
0.1,150,1,0.060000000000000005,1.0
0.1,150,1,0.06999999999999999,1.0
0.1,150,1,0.08,1.0
0.1,150,1,0.09,1.0
0.1,150,1,0.09999999999999999,1.0
0.1,150,2,0.01,0.6991
0.1,150,2,0.02,0.9506
0.1,150,2,0.03,0.9925
0.1,150,2,0.04,0.9992
0.1,150,2,0.05,0.9998
0.1,150,2,0.060000000000000005,0.9999
0.1,150,2,0.06999999999999999,1.0
0.1,150,2,0.08,1.0
0.1,150,2,0.09,1.0
0.1,150,2,0.09999999999999999,1.0
0.1,150,3,0.01,0.4097
0.1,150,3,0.02,0.8506
0.1,150,3,0.03,0.9658
0.1,150,3,0.04,0.9945
0.1,150,3,0.05,0.9989
0.1,150,3,0.060000000000000005,0.9996
0.1,150,3,0.06999999999999999,0.9999
0.1,150,3,0.08,0.9999
0.1,150,3,0.09,1.0
0.1,150,3,0.09999999999999999,1.0
0.1,150,4,0.01,0.1894
0.1,150,4,0.02,0.6825
0.1,150,4,0.03,0.9051
0.1,150,4,0.04,0.9795
0.1,150,4,0.05,0.9946
0.1,150,4,0.060000000000000005,0.9987
0.1,150,4,0.06999999999999999,0.9996
0.1,150,4,0.08,0.9999
0.1,150,4,0.09,1.0
0.1,150,4,0.09999999999999999,1.0
0.1,150,5,0.01,0.0693
0.1,150,5,0.02,0.481
0.1,150,5,0.03,0.7962
0.1,150,5,0.04,0.941
0.1,150,5,0.05,0.9835
0.1,150,5,0.060000000000000005,0.9956
0.1,150,5,0.06999999999999999,0.9988
0.1,150,5,0.08,0.9998
0.1,150,5,0.09,0.9999
0.1,150,5,0.09999999999999999,1.0
0.1,150,6,0.01,0.0188
0.1,150,6,0.02,0.2912
0.1,150,6,0.03,0.6445
0.1,150,6,0.04,0.8715
0.1,150,6,0.05,0.9568
0.1,150,6,0.060000000000000005,0.9873
0.1,150,6,0.06999999999999999,0.9962
0.1,150,6,0.08,0.9993
0.1,150,6,0.09,0.9998
0.1,150,6,0.09999999999999999,0.9999
0.1,250,1,0.01,0.9826
0.1,250,1,0.02,0.9993
0.1,250,1,0.03,1.0
0.1,250,1,0.04,1.0
0.1,250,1,0.05,1.0
0.1,250,1,0.060000000000000005,1.0
0.1,250,1,0.06999999999999999,1.0
0.1,250,1,0.08,1.0
0.1,250,1,0.09,1.0
0.1,250,1,0.09999999999999999,1.0
0.1,250,2,0.01,0.9076
0.1,250,2,0.02,0.9952
0.1,250,2,0.03,0.9996
0.1,250,2,0.04,1.0
0.1,250,2,0.05,1.0
0.1,250,2,0.060000000000000005,1.0
0.1,250,2,0.06999999999999999,1.0
0.1,250,2,0.08,1.0
0.1,250,2,0.09,1.0
0.1,250,2,0.09999999999999999,1.0
0.1,250,3,0.01,0.7354
0.1,250,3,0.02,0.9821
0.1,250,3,0.03,0.9983
0.1,250,3,0.04,1.0
0.1,250,3,0.05,1.0
0.1,250,3,0.060000000000000005,1.0
0.1,250,3,0.06999999999999999,1.0
0.1,250,3,0.08,1.0
0.1,250,3,0.09,1.0
0.1,250,3,0.09999999999999999,1.0
0.1,250,4,0.01,0.4918
0.1,250,4,0.02,0.9434
0.1,250,4,0.03,0.9953
0.1,250,4,0.04,0.9998
0.1,250,4,0.05,1.0
0.1,250,4,0.060000000000000005,1.0
0.1,250,4,0.06999999999999999,1.0
0.1,250,4,0.08,1.0
0.1,250,4,0.09,1.0
0.1,250,4,0.09999999999999999,1.0
0.1,250,5,0.01,0.2769
0.1,250,5,0.02,0.8645
0.1,250,5,0.03,0.9829
0.1,250,5,0.04,0.999
0.1,250,5,0.05,0.9999
0.1,250,5,0.060000000000000005,1.0
0.1,250,5,0.06999999999999999,1.0
0.1,250,5,0.08,1.0
0.1,250,5,0.09,1.0
0.1,250,5,0.09999999999999999,1.0
0.1,250,6,0.01,0.1259
0.1,250,6,0.02,0.7417
0.1,250,6,0.03,0.9578
0.1,250,6,0.04,0.9964
0.1,250,6,0.05,0.9997
0.1,250,6,0.060000000000000005,1.0
0.1,250,6,0.06999999999999999,1.0
0.1,250,6,0.08,1.0
0.1,250,6,0.09,1.0
0.1,250,6,0.09999999999999999,1.0
0.1,350,1,0.01,0.9959
0.1,350,1,0.02,0.9999
0.1,350,1,0.03,1.0
0.1,350,1,0.04,1.0
0.1,350,1,0.05,1.0
0.1,350,1,0.060000000000000005,1.0
0.1,350,1,0.06999999999999999,1.0
0.1,350,1,0.08,1.0
0.1,350,1,0.09,1.0
0.1,350,1,0.09999999999999999,1.0
0.1,350,2,0.01,0.9709
0.1,350,2,0.02,0.9996
0.1,350,2,0.03,1.0
0.1,350,2,0.04,1.0
0.1,350,2,0.05,1.0
0.1,350,2,0.060000000000000005,1.0
0.1,350,2,0.06999999999999999,1.0
0.1,350,2,0.08,1.0
0.1,350,2,0.09,1.0
0.1,350,2,0.09999999999999999,1.0
0.1,350,3,0.01,0.8928
0.1,350,3,0.02,0.9983
0.1,350,3,0.03,1.0
0.1,350,3,0.04,1.0
0.1,350,3,0.05,1.0
0.1,350,3,0.060000000000000005,1.0
0.1,350,3,0.06999999999999999,1.0
0.1,350,3,0.08,1.0
0.1,350,3,0.09,1.0
0.1,350,3,0.09999999999999999,1.0
0.1,350,4,0.01,0.7425
0.1,350,4,0.02,0.9909
0.1,350,4,0.03,0.9999
0.1,350,4,0.04,1.0
0.1,350,4,0.05,1.0
0.1,350,4,0.060000000000000005,1.0
0.1,350,4,0.06999999999999999,1.0
0.1,350,4,0.08,1.0
0.1,350,4,0.09,1.0
0.1,350,4,0.09999999999999999,1.0
0.1,350,5,0.01,0.529
0.1,350,5,0.02,0.9724
0.1,350,5,0.03,0.9991
0.1,350,5,0.04,1.0
0.1,350,5,0.05,1.0
0.1,350,5,0.060000000000000005,1.0
0.1,350,5,0.06999999999999999,1.0
0.1,350,5,0.08,1.0
0.1,350,5,0.09,1.0
0.1,350,5,0.09999999999999999,1.0
0.1,350,6,0.01,0.3189
0.1,350,6,0.02,0.9371
0.1,350,6,0.03,0.9972
0.1,350,6,0.04,1.0
0.1,350,6,0.05,1.0
0.1,350,6,0.060000000000000005,1.0
0.1,350,6,0.06999999999999999,1.0
0.1,350,6,0.08,1.0
0.1,350,6,0.09,1.0
0.1,350,6,0.09999999999999999,1.0
0.1,450,1,0.01,0.9992
0.1,450,1,0.02,1.0
0.1,450,1,0.03,1.0
0.1,450,1,0.04,1.0
0.1,450,1,0.05,1.0
0.1,450,1,0.060000000000000005,1.0
0.1,450,1,0.06999999999999999,1.0
0.1,450,1,0.08,1.0
0.1,450,1,0.09,1.0
0.1,450,1,0.09999999999999999,1.0
0.1,450,2,0.01,0.9908
0.1,450,2,0.02,1.0
0.1,450,2,0.03,1.0
0.1,450,2,0.04,1.0
0.1,450,2,0.05,1.0
0.1,450,2,0.060000000000000005,1.0
0.1,450,2,0.06999999999999999,1.0
0.1,450,2,0.08,1.0
0.1,450,2,0.09,1.0
0.1,450,2,0.09999999999999999,1.0
0.1,450,3,0.01,0.9607
0.1,450,3,0.02,0.9998
0.1,450,3,0.03,1.0
0.1,450,3,0.04,1.0
0.1,450,3,0.05,1.0
0.1,450,3,0.060000000000000005,1.0
0.1,450,3,0.06999999999999999,1.0
0.1,450,3,0.08,1.0
0.1,450,3,0.09,1.0
0.1,450,3,0.09999999999999999,1.0
0.1,450,4,0.01,0.8795
0.1,450,4,0.02,0.999
0.1,450,4,0.03,1.0
0.1,450,4,0.04,1.0
0.1,450,4,0.05,1.0
0.1,450,4,0.060000000000000005,1.0
0.1,450,4,0.06999999999999999,1.0
0.1,450,4,0.08,1.0
0.1,450,4,0.09,1.0
0.1,450,4,0.09999999999999999,1.0
0.1,450,5,0.01,0.7274
0.1,450,5,0.02,0.9957
0.1,450,5,0.03,1.0
0.1,450,5,0.04,1.0
0.1,450,5,0.05,1.0
0.1,450,5,0.060000000000000005,1.0
0.1,450,5,0.06999999999999999,1.0
0.1,450,5,0.08,1.0
0.1,450,5,0.09,1.0
0.1,450,5,0.09999999999999999,1.0
0.1,450,6,0.01,0.5375
0.1,450,6,0.02,0.9871
0.1,450,6,0.03,0.9998
0.1,450,6,0.04,1.0
0.1,450,6,0.05,1.0
0.1,450,6,0.060000000000000005,1.0
0.1,450,6,0.06999999999999999,1.0
0.1,450,6,0.08,1.0
0.1,450,6,0.09,1.0
0.1,450,6,0.09999999999999999,1.0
0.1,550,1,0.01,0.9999
0.1,550,1,0.02,1.0
0.1,550,1,0.03,1.0
0.1,550,1,0.04,1.0
0.1,550,1,0.05,1.0
0.1,550,1,0.060000000000000005,1.0
0.1,550,1,0.06999999999999999,1.0
0.1,550,1,0.08,1.0
0.1,550,1,0.09,1.0
0.1,550,1,0.09999999999999999,1.0
0.1,550,2,0.01,0.9974
0.1,550,2,0.02,1.0
0.1,550,2,0.03,1.0
0.1,550,2,0.04,1.0
0.1,550,2,0.05,1.0
0.1,550,2,0.060000000000000005,1.0
0.1,550,2,0.06999999999999999,1.0
0.1,550,2,0.08,1.0
0.1,550,2,0.09,1.0
0.1,550,2,0.09999999999999999,1.0
0.1,550,3,0.01,0.9841
0.1,550,3,0.02,0.9999
0.1,550,3,0.03,1.0
0.1,550,3,0.04,1.0
0.1,550,3,0.05,1.0
0.1,550,3,0.060000000000000005,1.0
0.1,550,3,0.06999999999999999,1.0
0.1,550,3,0.08,1.0
0.1,550,3,0.09,1.0
0.1,550,3,0.09999999999999999,1.0
0.1,550,4,0.01,0.9456
0.1,550,4,0.02,0.9999
0.1,550,4,0.03,1.0
0.1,550,4,0.04,1.0
0.1,550,4,0.05,1.0
0.1,550,4,0.060000000000000005,1.0
0.1,550,4,0.06999999999999999,1.0
0.1,550,4,0.08,1.0
0.1,550,4,0.09,1.0
0.1,550,4,0.09999999999999999,1.0
0.1,550,5,0.01,0.8495
0.1,550,5,0.02,0.9996
0.1,550,5,0.03,1.0
0.1,550,5,0.04,1.0
0.1,550,5,0.05,1.0
0.1,550,5,0.060000000000000005,1.0
0.1,550,5,0.06999999999999999,1.0
0.1,550,5,0.08,1.0
0.1,550,5,0.09,1.0
0.1,550,5,0.09999999999999999,1.0
0.1,550,6,0.01,0.71
0.1,550,6,0.02,0.998
0.1,550,6,0.03,1.0
0.1,550,6,0.04,1.0
0.1,550,6,0.05,1.0
0.1,550,6,0.060000000000000005,1.0
0.1,550,6,0.06999999999999999,1.0
0.1,550,6,0.08,1.0
0.1,550,6,0.09,1.0
0.1,550,6,0.09999999999999999,1.0
0.20000000000000004,50,1,0.01,0.7841
0.20000000000000004,50,1,0.02,0.9367
0.20000000000000004,50,1,0.03,0.98
0.20000000000000004,50,1,0.04,0.9935
0.20000000000000004,50,1,0.05,0.9971
0.20000000000000004,50,1,0.060000000000000005,0.9989
0.20000000000000004,50,1,0.06999999999999999,0.9995
0.20000000000000004,50,1,0.08,0.9999
0.20000000000000004,50,1,0.09,1.0
0.20000000000000004,50,1,0.09999999999999999,1.0
0.20000000000000004,50,2,0.01,0.4389
0.20000000000000004,50,2,0.02,0.7585
0.20000000000000004,50,2,0.03,0.8932
0.20000000000000004,50,2,0.04,0.9564
0.20000000000000004,50,2,0.05,0.9809
0.20000000000000004,50,2,0.060000000000000005,0.9917
0.20000000000000004,50,2,0.06999999999999999,0.9968
0.20000000000000004,50,2,0.08,0.9985
0.20000000000000004,50,2,0.09,0.9995
0.20000000000000004,50,2,0.09999999999999999,0.9999
0.20000000000000004,50,3,0.01,0.1777
0.20000000000000004,50,3,0.02,0.5055
0.20000000000000004,50,3,0.03,0.7128
0.20000000000000004,50,3,0.04,0.8504
0.20000000000000004,50,3,0.05,0.9215
0.20000000000000004,50,3,0.060000000000000005,0.9608
0.20000000000000004,50,3,0.06999999999999999,0.9802
0.20000000000000004,50,3,0.08,0.9905
0.20000000000000004,50,3,0.09,0.9952
0.20000000000000004,50,3,0.09999999999999999,0.9981
0.20000000000000004,50,4,0.01,0.0529
0.20000000000000004,50,4,0.02,0.2693
0.20000000000000004,50,4,0.03,0.4958
0.20000000000000004,50,4,0.04,0.6796
0.20000000000000004,50,4,0.05,0.8021
0.20000000000000004,50,4,0.060000000000000005,0.8861
0.20000000000000004,50,4,0.06999999999999999,0.9372
0.20000000000000004,50,4,0.08,0.9618
0.20000000000000004,50,4,0.09,0.9795
0.20000000000000004,50,4,0.09999999999999999,0.9892
0.20000000000000004,50,5,0.01,0.0122
0.20000000000000004,50,5,0.02,0.1189
0.20000000000000004,50,5,0.03,0.2953
0.20000000000000004,50,5,0.04,0.4818
0.20000000000000004,50,5,0.05,0.6351
0.20000000000000004,50,5,0.060000000000000005,0.7635
0.20000000000000004,50,5,0.06999999999999999,0.8483
0.20000000000000004,50,5,0.08,0.9013
0.20000000000000004,50,5,0.09,0.9405
0.20000000000000004,50,5,0.09999999999999999,0.9644
0.20000000000000004,50,6,0.01,0.0018
0.20000000000000004,50,6,0.02,0.0433
0.20000000000000004,50,6,0.03,0.1511
0.20000000000000004,50,6,0.04,0.304
0.20000000000000004,50,6,0.05,0.4583
0.20000000000000004,50,6,0.060000000000000005,0.6032
0.20000000000000004,50,6,0.06999999999999999,0.7155
0.20000000000000004,50,6,0.08,0.8001
0.20000000000000004,50,6,0.09,0.8642
0.20000000000000004,50,6,0.09999999999999999,0.91
0.20000000000000004,150,1,0.01,0.9812
0.20000000000000004,150,1,0.02,0.9996
0.20000000000000004,150,1,0.03,0.9999
0.20000000000000004,150,1,0.04,1.0
0.20000000000000004,150,1,0.05,1.0
0.20000000000000004,150,1,0.060000000000000005,1.0
0.20000000000000004,150,1,0.06999999999999999,1.0
0.20000000000000004,150,1,0.08,1.0
0.20000000000000004,150,1,0.09,1.0
0.20000000000000004,150,1,0.09999999999999999,1.0
0.20000000000000004,150,2,0.01,0.8941
0.20000000000000004,150,2,0.02,0.9943
0.20000000000000004,150,2,0.03,0.9994
0.20000000000000004,150,2,0.04,1.0
0.20000000000000004,150,2,0.05,1.0
0.20000000000000004,150,2,0.060000000000000005,1.0
0.20000000000000004,150,2,0.06999999999999999,1.0
0.20000000000000004,150,2,0.08,1.0
0.20000000000000004,150,2,0.09,1.0
0.20000000000000004,150,2,0.09999999999999999,1.0
0.20000000000000004,150,3,0.01,0.7215
0.20000000000000004,150,3,0.02,0.9723
0.20000000000000004,150,3,0.03,0.9972
0.20000000000000004,150,3,0.04,0.9996
0.20000000000000004,150,3,0.05,0.9999
0.20000000000000004,150,3,0.060000000000000005,0.9999
0.20000000000000004,150,3,0.06999999999999999,1.0
0.20000000000000004,150,3,0.08,1.0
0.20000000000000004,150,3,0.09,1.0
0.20000000000000004,150,3,0.09999999999999999,1.0
0.20000000000000004,150,4,0.01,0.483
0.20000000000000004,150,4,0.02,0.9184
0.20000000000000004,150,4,0.03,0.9887
0.20000000000000004,150,4,0.04,0.9981
0.20000000000000004,150,4,0.05,0.9995
0.20000000000000004,150,4,0.060000000000000005,0.9999
0.20000000000000004,150,4,0.06999999999999999,1.0
0.20000000000000004,150,4,0.08,1.0
0.20000000000000004,150,4,0.09,1.0
0.20000000000000004,150,4,0.09999999999999999,1.0
0.20000000000000004,150,5,0.01,0.2689
0.20000000000000004,150,5,0.02,0.8129
0.20000000000000004,150,5,0.03,0.9655
0.20000000000000004,150,5,0.04,0.9942
0.20000000000000004,150,5,0.05,0.999
0.20000000000000004,150,5,0.060000000000000005,0.9999
0.20000000000000004,150,5,0.06999999999999999,1.0
0.20000000000000004,150,5,0.08,1.0
0.20000000000000004,150,5,0.09,1.0
0.20000000000000004,150,5,0.09999999999999999,1.0
0.20000000000000004,150,6,0.01,0.1181
0.20000000000000004,150,6,0.02,0.6624
0.20000000000000004,150,6,0.03,0.9167
0.20000000000000004,150,6,0.04,0.9845
0.20000000000000004,150,6,0.05,0.9967
0.20000000000000004,150,6,0.060000000000000005,0.9996
0.20000000000000004,150,6,0.06999999999999999,0.9999
0.20000000000000004,150,6,0.08,1.0
0.20000000000000004,150,6,0.09,1.0
0.20000000000000004,150,6,0.09999999999999999,1.0
0.20000000000000004,250,1,0.01,0.9978
0.20000000000000004,250,1,0.02,0.9999
0.20000000000000004,250,1,0.03,1.0
0.20000000000000004,250,1,0.04,1.0
0.20000000000000004,250,1,0.05,1.0
0.20000000000000004,250,1,0.060000000000000005,1.0
0.20000000000000004,250,1,0.06999999999999999,1.0
0.20000000000000004,250,1,0.08,1.0
0.20000000000000004,250,1,0.09,1.0
0.20000000000000004,250,1,0.09999999999999999,1.0
0.20000000000000004,250,2,0.01,0.9824
0.20000000000000004,250,2,0.02,0.9997
0.20000000000000004,250,2,0.03,1.0
0.20000000000000004,250,2,0.04,1.0
0.20000000000000004,250,2,0.05,1.0
0.20000000000000004,250,2,0.060000000000000005,1.0
0.20000000000000004,250,2,0.06999999999999999,1.0
0.20000000000000004,250,2,0.08,1.0
0.20000000000000004,250,2,0.09,1.0
0.20000000000000004,250,2,0.09999999999999999,1.0
0.20000000000000004,250,3,0.01,0.9279
0.20000000000000004,250,3,0.02,0.9981
0.20000000000000004,250,3,0.03,1.0
0.20000000000000004,250,3,0.04,1.0
0.20000000000000004,250,3,0.05,1.0
0.20000000000000004,250,3,0.060000000000000005,1.0
0.20000000000000004,250,3,0.06999999999999999,1.0
0.20000000000000004,250,3,0.08,1.0
0.20000000000000004,250,3,0.09,1.0
0.20000000000000004,250,3,0.09999999999999999,1.0
0.20000000000000004,250,4,0.01,0.8077
0.20000000000000004,250,4,0.02,0.9941
0.20000000000000004,250,4,0.03,0.9997
0.20000000000000004,250,4,0.04,1.0
0.20000000000000004,250,4,0.05,1.0
0.20000000000000004,250,4,0.060000000000000005,1.0
0.20000000000000004,250,4,0.06999999999999999,1.0
0.20000000000000004,250,4,0.08,1.0
0.20000000000000004,250,4,0.09,1.0
0.20000000000000004,250,4,0.09999999999999999,1.0
0.20000000000000004,250,5,0.01,0.6202
0.20000000000000004,250,5,0.02,0.9812
0.20000000000000004,250,5,0.03,0.9991
0.20000000000000004,250,5,0.04,1.0
0.20000000000000004,250,5,0.05,1.0
0.20000000000000004,250,5,0.060000000000000005,1.0
0.20000000000000004,250,5,0.06999999999999999,1.0
0.20000000000000004,250,5,0.08,1.0
0.20000000000000004,250,5,0.09,1.0
0.20000000000000004,250,5,0.09999999999999999,1.0
0.20000000000000004,250,6,0.01,0.4073
0.20000000000000004,250,6,0.02,0.9513
0.20000000000000004,250,6,0.03,0.9973
0.20000000000000004,250,6,0.04,0.9997
0.20000000000000004,250,6,0.05,1.0
0.20000000000000004,250,6,0.060000000000000005,1.0
0.20000000000000004,250,6,0.06999999999999999,1.0
0.20000000000000004,250,6,0.08,1.0
0.20000000000000004,250,6,0.09,1.0
0.20000000000000004,250,6,0.09999999999999999,1.0
0.20000000000000004,350,1,0.01,0.9995
0.20000000000000004,350,1,0.02,1.0
0.20000000000000004,350,1,0.03,1.0
0.20000000000000004,350,1,0.04,1.0
0.20000000000000004,350,1,0.05,1.0
0.20000000000000004,350,1,0.060000000000000005,1.0
0.20000000000000004,350,1,0.06999999999999999,1.0
0.20000000000000004,350,1,0.08,1.0
0.20000000000000004,350,1,0.09,1.0
0.20000000000000004,350,1,0.09999999999999999,1.0
0.20000000000000004,350,2,0.01,0.9969
0.20000000000000004,350,2,0.02,1.0
0.20000000000000004,350,2,0.03,1.0
0.20000000000000004,350,2,0.04,1.0
0.20000000000000004,350,2,0.05,1.0
0.20000000000000004,350,2,0.060000000000000005,1.0
0.20000000000000004,350,2,0.06999999999999999,1.0
0.20000000000000004,350,2,0.08,1.0
0.20000000000000004,350,2,0.09,1.0
0.20000000000000004,350,2,0.09999999999999999,1.0
0.20000000000000004,350,3,0.01,0.9826
0.20000000000000004,350,3,0.02,0.9999
0.20000000000000004,350,3,0.03,1.0
0.20000000000000004,350,3,0.04,1.0
0.20000000000000004,350,3,0.05,1.0
0.20000000000000004,350,3,0.060000000000000005,1.0
0.20000000000000004,350,3,0.06999999999999999,1.0
0.20000000000000004,350,3,0.08,1.0
0.20000000000000004,350,3,0.09,1.0
0.20000000000000004,350,3,0.09999999999999999,1.0
0.20000000000000004,350,4,0.01,0.9337
0.20000000000000004,350,4,0.02,0.9994
0.20000000000000004,350,4,0.03,1.0
0.20000000000000004,350,4,0.04,1.0
0.20000000000000004,350,4,0.05,1.0
0.20000000000000004,350,4,0.060000000000000005,1.0
0.20000000000000004,350,4,0.06999999999999999,1.0
0.20000000000000004,350,4,0.08,1.0
0.20000000000000004,350,4,0.09,1.0
0.20000000000000004,350,4,0.09999999999999999,1.0
0.20000000000000004,350,5,0.01,0.8322
0.20000000000000004,350,5,0.02,0.9986
0.20000000000000004,350,5,0.03,1.0
0.20000000000000004,350,5,0.04,1.0
0.20000000000000004,350,5,0.05,1.0
0.20000000000000004,350,5,0.060000000000000005,1.0
0.20000000000000004,350,5,0.06999999999999999,1.0
0.20000000000000004,350,5,0.08,1.0
0.20000000000000004,350,5,0.09,1.0
0.20000000000000004,350,5,0.09999999999999999,1.0
0.20000000000000004,350,6,0.01,0.6704
0.20000000000000004,350,6,0.02,0.9943
0.20000000000000004,350,6,0.03,0.9999
0.20000000000000004,350,6,0.04,1.0
0.20000000000000004,350,6,0.05,1.0
0.20000000000000004,350,6,0.060000000000000005,1.0
0.20000000000000004,350,6,0.06999999999999999,1.0
0.20000000000000004,350,6,0.08,1.0
0.20000000000000004,350,6,0.09,1.0
0.20000000000000004,350,6,0.09999999999999999,1.0
0.20000000000000004,450,1,0.01,0.9999
0.20000000000000004,450,1,0.02,1.0
0.20000000000000004,450,1,0.03,1.0
0.20000000000000004,450,1,0.04,1.0
0.20000000000000004,450,1,0.05,1.0
0.20000000000000004,450,1,0.060000000000000005,1.0
0.20000000000000004,450,1,0.06999999999999999,1.0
0.20000000000000004,450,1,0.08,1.0
0.20000000000000004,450,1,0.09,1.0
0.20000000000000004,450,1,0.09999999999999999,1.0
0.20000000000000004,450,2,0.01,0.9993
0.20000000000000004,450,2,0.02,1.0
0.20000000000000004,450,2,0.03,1.0
0.20000000000000004,450,2,0.04,1.0
0.20000000000000004,450,2,0.05,1.0
0.20000000000000004,450,2,0.060000000000000005,1.0
0.20000000000000004,450,2,0.06999999999999999,1.0
0.20000000000000004,450,2,0.08,1.0
0.20000000000000004,450,2,0.09,1.0
0.20000000000000004,450,2,0.09999999999999999,1.0
0.20000000000000004,450,3,0.01,0.9951
0.20000000000000004,450,3,0.02,1.0
0.20000000000000004,450,3,0.03,1.0
0.20000000000000004,450,3,0.04,1.0
0.20000000000000004,450,3,0.05,1.0
0.20000000000000004,450,3,0.060000000000000005,1.0
0.20000000000000004,450,3,0.06999999999999999,1.0
0.20000000000000004,450,3,0.08,1.0
0.20000000000000004,450,3,0.09,1.0
0.20000000000000004,450,3,0.09999999999999999,1.0
0.20000000000000004,450,4,0.01,0.9762
0.20000000000000004,450,4,0.02,1.0
0.20000000000000004,450,4,0.03,1.0
0.20000000000000004,450,4,0.04,1.0
0.20000000000000004,450,4,0.05,1.0
0.20000000000000004,450,4,0.060000000000000005,1.0
0.20000000000000004,450,4,0.06999999999999999,1.0
0.20000000000000004,450,4,0.08,1.0
0.20000000000000004,450,4,0.09,1.0
0.20000000000000004,450,4,0.09999999999999999,1.0
0.20000000000000004,450,5,0.01,0.9265
0.20000000000000004,450,5,0.02,0.9999
0.20000000000000004,450,5,0.03,1.0
0.20000000000000004,450,5,0.04,1.0
0.20000000000000004,450,5,0.05,1.0
0.20000000000000004,450,5,0.060000000000000005,1.0
0.20000000000000004,450,5,0.06999999999999999,1.0
0.20000000000000004,450,5,0.08,1.0
0.20000000000000004,450,5,0.09,1.0
0.20000000000000004,450,5,0.09999999999999999,1.0
0.20000000000000004,450,6,0.01,0.8249
0.20000000000000004,450,6,0.02,0.9993
0.20000000000000004,450,6,0.03,1.0
0.20000000000000004,450,6,0.04,1.0
0.20000000000000004,450,6,0.05,1.0
0.20000000000000004,450,6,0.060000000000000005,1.0
0.20000000000000004,450,6,0.06999999999999999,1.0
0.20000000000000004,450,6,0.08,1.0
0.20000000000000004,450,6,0.09,1.0
0.20000000000000004,450,6,0.09999999999999999,1.0
0.20000000000000004,550,1,0.01,1.0
0.20000000000000004,550,1,0.02,1.0
0.20000000000000004,550,1,0.03,1.0
0.20000000000000004,550,1,0.04,1.0
0.20000000000000004,550,1,0.05,1.0
0.20000000000000004,550,1,0.060000000000000005,1.0
0.20000000000000004,550,1,0.06999999999999999,1.0
0.20000000000000004,550,1,0.08,1.0
0.20000000000000004,550,1,0.09,1.0
0.20000000000000004,550,1,0.09999999999999999,1.0
0.20000000000000004,550,2,0.01,0.9997
0.20000000000000004,550,2,0.02,1.0
0.20000000000000004,550,2,0.03,1.0
0.20000000000000004,550,2,0.04,1.0
0.20000000000000004,550,2,0.05,1.0
0.20000000000000004,550,2,0.060000000000000005,1.0
0.20000000000000004,550,2,0.06999999999999999,1.0
0.20000000000000004,550,2,0.08,1.0
0.20000000000000004,550,2,0.09,1.0
0.20000000000000004,550,2,0.09999999999999999,1.0
0.20000000000000004,550,3,0.01,0.9988
0.20000000000000004,550,3,0.02,1.0
0.20000000000000004,550,3,0.03,1.0
0.20000000000000004,550,3,0.04,1.0
0.20000000000000004,550,3,0.05,1.0
0.20000000000000004,550,3,0.060000000000000005,1.0
0.20000000000000004,550,3,0.06999999999999999,1.0
0.20000000000000004,550,3,0.08,1.0
0.20000000000000004,550,3,0.09,1.0
0.20000000000000004,550,3,0.09999999999999999,1.0
0.20000000000000004,550,4,0.01,0.9905
0.20000000000000004,550,4,0.02,1.0
0.20000000000000004,550,4,0.03,1.0
0.20000000000000004,550,4,0.04,1.0
0.20000000000000004,550,4,0.05,1.0
0.20000000000000004,550,4,0.060000000000000005,1.0
0.20000000000000004,550,4,0.06999999999999999,1.0
0.20000000000000004,550,4,0.08,1.0
0.20000000000000004,550,4,0.09,1.0
0.20000000000000004,550,4,0.09999999999999999,1.0
0.20000000000000004,550,5,0.01,0.9665
0.20000000000000004,550,5,0.02,1.0
0.20000000000000004,550,5,0.03,1.0
0.20000000000000004,550,5,0.04,1.0
0.20000000000000004,550,5,0.05,1.0
0.20000000000000004,550,5,0.060000000000000005,1.0
0.20000000000000004,550,5,0.06999999999999999,1.0
0.20000000000000004,550,5,0.08,1.0
0.20000000000000004,550,5,0.09,1.0
0.20000000000000004,550,5,0.09999999999999999,1.0
0.20000000000000004,550,6,0.01,0.9035
0.20000000000000004,550,6,0.02,1.0
0.20000000000000004,550,6,0.03,1.0
0.20000000000000004,550,6,0.04,1.0
0.20000000000000004,550,6,0.05,1.0
0.20000000000000004,550,6,0.060000000000000005,1.0
0.20000000000000004,550,6,0.06999999999999999,1.0
0.20000000000000004,550,6,0.08,1.0
0.20000000000000004,550,6,0.09,1.0
0.20000000000000004,550,6,0.09999999999999999,1.0
0.30000000000000004,50,1,0.01,0.9187
0.30000000000000004,50,1,0.02,0.9884
0.30000000000000004,50,1,0.03,0.997
0.30000000000000004,50,1,0.04,0.9992
0.30000000000000004,50,1,0.05,0.9998
0.30000000000000004,50,1,0.060000000000000005,1.0
0.30000000000000004,50,1,0.06999999999999999,1.0
0.30000000000000004,50,1,0.08,1.0
0.30000000000000004,50,1,0.09,1.0
0.30000000000000004,50,1,0.09999999999999999,1.0
0.30000000000000004,50,2,0.01,0.7015
0.30000000000000004,50,2,0.02,0.924
0.30000000000000004,50,2,0.03,0.9775
0.30000000000000004,50,2,0.04,0.9937
0.30000000000000004,50,2,0.05,0.9983
0.30000000000000004,50,2,0.060000000000000005,0.9994
0.30000000000000004,50,2,0.06999999999999999,0.9999
0.30000000000000004,50,2,0.08,0.9999
0.30000000000000004,50,2,0.09,0.9999
0.30000000000000004,50,2,0.09999999999999999,1.0
0.30000000000000004,50,3,0.01,0.4184
0.30000000000000004,50,3,0.02,0.7759
0.30000000000000004,50,3,0.03,0.9155
0.30000000000000004,50,3,0.04,0.9688
0.30000000000000004,50,3,0.05,0.9881
0.30000000000000004,50,3,0.060000000000000005,0.9949
0.30000000000000004,50,3,0.06999999999999999,0.9983
0.30000000000000004,50,3,0.08,0.9993
0.30000000000000004,50,3,0.09,0.9996
0.30000000000000004,50,3,0.09999999999999999,0.9998
0.30000000000000004,50,4,0.01,0.1972
0.30000000000000004,50,4,0.02,0.5748
0.30000000000000004,50,4,0.03,0.7864
0.30000000000000004,50,4,0.04,0.906
0.30000000000000004,50,4,0.05,0.9561
0.30000000000000004,50,4,0.060000000000000005,0.9807
0.30000000000000004,50,4,0.06999999999999999,0.9914
0.30000000000000004,50,4,0.08,0.9971
0.30000000000000004,50,4,0.09,0.9982
0.30000000000000004,50,4,0.09999999999999999,0.9991
0.30000000000000004,50,5,0.01,0.0726
0.30000000000000004,50,5,0.02,0.3619
0.30000000000000004,50,5,0.03,0.6107
0.30000000000000004,50,5,0.04,0.7896
0.30000000000000004,50,5,0.05,0.885
0.30000000000000004,50,5,0.060000000000000005,0.9396
0.30000000000000004,50,5,0.06999999999999999,0.9709
0.30000000000000004,50,5,0.08,0.9858
0.30000000000000004,50,5,0.09,0.9932
0.30000000000000004,50,5,0.09999999999999999,0.9964
0.30000000000000004,50,6,0.01,0.0213
0.30000000000000004,50,6,0.02,0.199
0.30000000000000004,50,6,0.03,0.4281
0.30000000000000004,50,6,0.04,0.6354
0.30000000000000004,50,6,0.05,0.7718
0.30000000000000004,50,6,0.060000000000000005,0.8642
0.30000000000000004,50,6,0.06999999999999999,0.9219
0.30000000000000004,50,6,0.08,0.9528
0.30000000000000004,50,6,0.09,0.9738
0.30000000000000004,50,6,0.09999999999999999,0.9846
0.30000000000000004,150,1,0.01,0.9989
0.30000000000000004,150,1,0.02,0.9999
0.30000000000000004,150,1,0.03,1.0
0.30000000000000004,150,1,0.04,1.0
0.30000000000000004,150,1,0.05,1.0
0.30000000000000004,150,1,0.060000000000000005,1.0
0.30000000000000004,150,1,0.06999999999999999,1.0
0.30000000000000004,150,1,0.08,1.0
0.30000000000000004,150,1,0.09,1.0
0.30000000000000004,150,1,0.09999999999999999,1.0
0.30000000000000004,150,2,0.01,0.9815
0.30000000000000004,150,2,0.02,0.9996
0.30000000000000004,150,2,0.03,1.0
0.30000000000000004,150,2,0.04,1.0
0.30000000000000004,150,2,0.05,1.0
0.30000000000000004,150,2,0.060000000000000005,1.0
0.30000000000000004,150,2,0.06999999999999999,1.0
0.30000000000000004,150,2,0.08,1.0
0.30000000000000004,150,2,0.09,1.0
0.30000000000000004,150,2,0.09999999999999999,1.0
0.30000000000000004,150,3,0.01,0.9235
0.30000000000000004,150,3,0.02,0.9977
0.30000000000000004,150,3,0.03,0.9998
0.30000000000000004,150,3,0.04,0.9999
0.30000000000000004,150,3,0.05,1.0
0.30000000000000004,150,3,0.060000000000000005,1.0
0.30000000000000004,150,3,0.06999999999999999,1.0
0.30000000000000004,150,3,0.08,1.0
0.30000000000000004,150,3,0.09,1.0
0.30000000000000004,150,3,0.09999999999999999,1.0
0.30000000000000004,150,4,0.01,0.8026
0.30000000000000004,150,4,0.02,0.991
0.30000000000000004,150,4,0.03,0.9993
0.30000000000000004,150,4,0.04,0.9998
0.30000000000000004,150,4,0.05,1.0
0.30000000000000004,150,4,0.060000000000000005,1.0
0.30000000000000004,150,4,0.06999999999999999,1.0
0.30000000000000004,150,4,0.08,1.0
0.30000000000000004,150,4,0.09,1.0
0.30000000000000004,150,4,0.09999999999999999,1.0
0.30000000000000004,150,5,0.01,0.6138
0.30000000000000004,150,5,0.02,0.9717
0.30000000000000004,150,5,0.03,0.997
0.30000000000000004,150,5,0.04,0.9998
0.30000000000000004,150,5,0.05,1.0
0.30000000000000004,150,5,0.060000000000000005,1.0
0.30000000000000004,150,5,0.06999999999999999,1.0
0.30000000000000004,150,5,0.08,1.0
0.30000000000000004,150,5,0.09,1.0
0.30000000000000004,150,5,0.09999999999999999,1.0
0.30000000000000004,150,6,0.01,0.4115
0.30000000000000004,150,6,0.02,0.9262
0.30000000000000004,150,6,0.03,0.9926
0.30000000000000004,150,6,0.04,0.9992
0.30000000000000004,150,6,0.05,0.9999
0.30000000000000004,150,6,0.060000000000000005,1.0
0.30000000000000004,150,6,0.06999999999999999,1.0
0.30000000000000004,150,6,0.08,1.0
0.30000000000000004,150,6,0.09,1.0
0.30000000000000004,150,6,0.09999999999999999,1.0
0.30000000000000004,250,1,0.01,0.9999
0.30000000000000004,250,1,0.02,1.0
0.30000000000000004,250,1,0.03,1.0
0.30000000000000004,250,1,0.04,1.0
0.30000000000000004,250,1,0.05,1.0
0.30000000000000004,250,1,0.060000000000000005,1.0
0.30000000000000004,250,1,0.06999999999999999,1.0
0.30000000000000004,250,1,0.08,1.0
0.30000000000000004,250,1,0.09,1.0
0.30000000000000004,250,1,0.09999999999999999,1.0
0.30000000000000004,250,2,0.01,0.9983
0.30000000000000004,250,2,0.02,1.0
0.30000000000000004,250,2,0.03,1.0
0.30000000000000004,250,2,0.04,1.0
0.30000000000000004,250,2,0.05,1.0
0.30000000000000004,250,2,0.060000000000000005,1.0
0.30000000000000004,250,2,0.06999999999999999,1.0
0.30000000000000004,250,2,0.08,1.0
0.30000000000000004,250,2,0.09,1.0
0.30000000000000004,250,2,0.09999999999999999,1.0
0.30000000000000004,250,3,0.01,0.991
0.30000000000000004,250,3,0.02,0.9999
0.30000000000000004,250,3,0.03,1.0
0.30000000000000004,250,3,0.04,1.0
0.30000000000000004,250,3,0.05,1.0
0.30000000000000004,250,3,0.060000000000000005,1.0
0.30000000000000004,250,3,0.06999999999999999,1.0
0.30000000000000004,250,3,0.08,1.0
0.30000000000000004,250,3,0.09,1.0
0.30000000000000004,250,3,0.09999999999999999,1.0
0.30000000000000004,250,4,0.01,0.9651
0.30000000000000004,250,4,0.02,0.9998
0.30000000000000004,250,4,0.03,1.0
0.30000000000000004,250,4,0.04,1.0
0.30000000000000004,250,4,0.05,1.0
0.30000000000000004,250,4,0.060000000000000005,1.0
0.30000000000000004,250,4,0.06999999999999999,1.0
0.30000000000000004,250,4,0.08,1.0
0.30000000000000004,250,4,0.09,1.0
0.30000000000000004,250,4,0.09999999999999999,1.0
0.30000000000000004,250,5,0.01,0.8986
0.30000000000000004,250,5,0.02,0.9986
0.30000000000000004,250,5,0.03,1.0
0.30000000000000004,250,5,0.04,1.0
0.30000000000000004,250,5,0.05,1.0
0.30000000000000004,250,5,0.060000000000000005,1.0
0.30000000000000004,250,5,0.06999999999999999,1.0
0.30000000000000004,250,5,0.08,1.0
0.30000000000000004,250,5,0.09,1.0
0.30000000000000004,250,5,0.09999999999999999,1.0
0.30000000000000004,250,6,0.01,0.7771
0.30000000000000004,250,6,0.02,0.9966
0.30000000000000004,250,6,0.03,0.9999
0.30000000000000004,250,6,0.04,1.0
0.30000000000000004,250,6,0.05,1.0
0.30000000000000004,250,6,0.060000000000000005,1.0
0.30000000000000004,250,6,0.06999999999999999,1.0
0.30000000000000004,250,6,0.08,1.0
0.30000000000000004,250,6,0.09,1.0
0.30000000000000004,250,6,0.09999999999999999,1.0
0.30000000000000004,350,1,0.01,1.0
0.30000000000000004,350,1,0.02,1.0
0.30000000000000004,350,1,0.03,1.0
0.30000000000000004,350,1,0.04,1.0
0.30000000000000004,350,1,0.05,1.0
0.30000000000000004,350,1,0.060000000000000005,1.0
0.30000000000000004,350,1,0.06999999999999999,1.0
0.30000000000000004,350,1,0.08,1.0
0.30000000000000004,350,1,0.09,1.0
0.30000000000000004,350,1,0.09999999999999999,1.0
0.30000000000000004,350,2,0.01,0.9999
0.30000000000000004,350,2,0.02,1.0
0.30000000000000004,350,2,0.03,1.0
0.30000000000000004,350,2,0.04,1.0
0.30000000000000004,350,2,0.05,1.0
0.30000000000000004,350,2,0.060000000000000005,1.0
0.30000000000000004,350,2,0.06999999999999999,1.0
0.30000000000000004,350,2,0.08,1.0
0.30000000000000004,350,2,0.09,1.0
0.30000000000000004,350,2,0.09999999999999999,1.0
0.30000000000000004,350,3,0.01,0.999
0.30000000000000004,350,3,0.02,1.0
0.30000000000000004,350,3,0.03,1.0
0.30000000000000004,350,3,0.04,1.0
0.30000000000000004,350,3,0.05,1.0
0.30000000000000004,350,3,0.060000000000000005,1.0
0.30000000000000004,350,3,0.06999999999999999,1.0
0.30000000000000004,350,3,0.08,1.0
0.30000000000000004,350,3,0.09,1.0
0.30000000000000004,350,3,0.09999999999999999,1.0
0.30000000000000004,350,4,0.01,0.9927
0.30000000000000004,350,4,0.02,1.0
0.30000000000000004,350,4,0.03,1.0
0.30000000000000004,350,4,0.04,1.0
0.30000000000000004,350,4,0.05,1.0
0.30000000000000004,350,4,0.060000000000000005,1.0
0.30000000000000004,350,4,0.06999999999999999,1.0
0.30000000000000004,350,4,0.08,1.0
0.30000000000000004,350,4,0.09,1.0
0.30000000000000004,350,4,0.09999999999999999,1.0
0.30000000000000004,350,5,0.01,0.973
0.30000000000000004,350,5,0.02,0.9998
0.30000000000000004,350,5,0.03,1.0
0.30000000000000004,350,5,0.04,1.0
0.30000000000000004,350,5,0.05,1.0
0.30000000000000004,350,5,0.060000000000000005,1.0
0.30000000000000004,350,5,0.06999999999999999,1.0
0.30000000000000004,350,5,0.08,1.0
0.30000000000000004,350,5,0.09,1.0
0.30000000000000004,350,5,0.09999999999999999,1.0
0.30000000000000004,350,6,0.01,0.9225
0.30000000000000004,350,6,0.02,0.9996
0.30000000000000004,350,6,0.03,1.0
0.30000000000000004,350,6,0.04,1.0
0.30000000000000004,350,6,0.05,1.0
0.30000000000000004,350,6,0.060000000000000005,1.0
0.30000000000000004,350,6,0.06999999999999999,1.0
0.30000000000000004,350,6,0.08,1.0
0.30000000000000004,350,6,0.09,1.0
0.30000000000000004,350,6,0.09999999999999999,1.0
0.30000000000000004,450,1,0.01,1.0
0.30000000000000004,450,1,0.02,1.0
0.30000000000000004,450,1,0.03,1.0
0.30000000000000004,450,1,0.04,1.0
0.30000000000000004,450,1,0.05,1.0
0.30000000000000004,450,1,0.060000000000000005,1.0
0.30000000000000004,450,1,0.06999999999999999,1.0
0.30000000000000004,450,1,0.08,1.0
0.30000000000000004,450,1,0.09,1.0
0.30000000000000004,450,1,0.09999999999999999,1.0
0.30000000000000004,450,2,0.01,1.0
0.30000000000000004,450,2,0.02,1.0
0.30000000000000004,450,2,0.03,1.0
0.30000000000000004,450,2,0.04,1.0
0.30000000000000004,450,2,0.05,1.0
0.30000000000000004,450,2,0.060000000000000005,1.0
0.30000000000000004,450,2,0.06999999999999999,1.0
0.30000000000000004,450,2,0.08,1.0
0.30000000000000004,450,2,0.09,1.0
0.30000000000000004,450,2,0.09999999999999999,1.0
0.30000000000000004,450,3,0.01,0.9999
0.30000000000000004,450,3,0.02,1.0
0.30000000000000004,450,3,0.03,1.0
0.30000000000000004,450,3,0.04,1.0
0.30000000000000004,450,3,0.05,1.0
0.30000000000000004,450,3,0.060000000000000005,1.0
0.30000000000000004,450,3,0.06999999999999999,1.0
0.30000000000000004,450,3,0.08,1.0
0.30000000000000004,450,3,0.09,1.0
0.30000000000000004,450,3,0.09999999999999999,1.0
0.30000000000000004,450,4,0.01,0.9985
0.30000000000000004,450,4,0.02,1.0
0.30000000000000004,450,4,0.03,1.0
0.30000000000000004,450,4,0.04,1.0
0.30000000000000004,450,4,0.05,1.0
0.30000000000000004,450,4,0.060000000000000005,1.0
0.30000000000000004,450,4,0.06999999999999999,1.0
0.30000000000000004,450,4,0.08,1.0
0.30000000000000004,450,4,0.09,1.0
0.30000000000000004,450,4,0.09999999999999999,1.0
0.30000000000000004,450,5,0.01,0.9914
0.30000000000000004,450,5,0.02,1.0
0.30000000000000004,450,5,0.03,1.0
0.30000000000000004,450,5,0.04,1.0
0.30000000000000004,450,5,0.05,1.0
0.30000000000000004,450,5,0.060000000000000005,1.0
0.30000000000000004,450,5,0.06999999999999999,1.0
0.30000000000000004,450,5,0.08,1.0
0.30000000000000004,450,5,0.09,1.0
0.30000000000000004,450,5,0.09999999999999999,1.0
0.30000000000000004,450,6,0.01,0.9701
0.30000000000000004,450,6,0.02,1.0
0.30000000000000004,450,6,0.03,1.0
0.30000000000000004,450,6,0.04,1.0
0.30000000000000004,450,6,0.05,1.0
0.30000000000000004,450,6,0.060000000000000005,1.0
0.30000000000000004,450,6,0.06999999999999999,1.0
0.30000000000000004,450,6,0.08,1.0
0.30000000000000004,450,6,0.09,1.0
0.30000000000000004,450,6,0.09999999999999999,1.0
0.30000000000000004,550,1,0.01,1.0
0.30000000000000004,550,1,0.02,1.0
0.30000000000000004,550,1,0.03,1.0
0.30000000000000004,550,1,0.04,1.0
0.30000000000000004,550,1,0.05,1.0
0.30000000000000004,550,1,0.060000000000000005,1.0
0.30000000000000004,550,1,0.06999999999999999,1.0
0.30000000000000004,550,1,0.08,1.0
0.30000000000000004,550,1,0.09,1.0
0.30000000000000004,550,1,0.09999999999999999,1.0
0.30000000000000004,550,2,0.01,1.0
0.30000000000000004,550,2,0.02,1.0
0.30000000000000004,550,2,0.03,1.0
0.30000000000000004,550,2,0.04,1.0
0.30000000000000004,550,2,0.05,1.0
0.30000000000000004,550,2,0.060000000000000005,1.0
0.30000000000000004,550,2,0.06999999999999999,1.0
0.30000000000000004,550,2,0.08,1.0
0.30000000000000004,550,2,0.09,1.0
0.30000000000000004,550,2,0.09999999999999999,1.0
0.30000000000000004,550,3,0.01,1.0
0.30000000000000004,550,3,0.02,1.0
0.30000000000000004,550,3,0.03,1.0
0.30000000000000004,550,3,0.04,1.0
0.30000000000000004,550,3,0.05,1.0
0.30000000000000004,550,3,0.060000000000000005,1.0
0.30000000000000004,550,3,0.06999999999999999,1.0
0.30000000000000004,550,3,0.08,1.0
0.30000000000000004,550,3,0.09,1.0
0.30000000000000004,550,3,0.09999999999999999,1.0
0.30000000000000004,550,4,0.01,0.9994
0.30000000000000004,550,4,0.02,1.0
0.30000000000000004,550,4,0.03,1.0
0.30000000000000004,550,4,0.04,1.0
0.30000000000000004,550,4,0.05,1.0
0.30000000000000004,550,4,0.060000000000000005,1.0
0.30000000000000004,550,4,0.06999999999999999,1.0
0.30000000000000004,550,4,0.08,1.0
0.30000000000000004,550,4,0.09,1.0
0.30000000000000004,550,4,0.09999999999999999,1.0
0.30000000000000004,550,5,0.01,0.9967
0.30000000000000004,550,5,0.02,1.0
0.30000000000000004,550,5,0.03,1.0
0.30000000000000004,550,5,0.04,1.0
0.30000000000000004,550,5,0.05,1.0
0.30000000000000004,550,5,0.060000000000000005,1.0
0.30000000000000004,550,5,0.06999999999999999,1.0
0.30000000000000004,550,5,0.08,1.0
0.30000000000000004,550,5,0.09,1.0
0.30000000000000004,550,5,0.09999999999999999,1.0
0.30000000000000004,550,6,0.01,0.9875
0.30000000000000004,550,6,0.02,1.0
0.30000000000000004,550,6,0.03,1.0
0.30000000000000004,550,6,0.04,1.0
0.30000000000000004,550,6,0.05,1.0
0.30000000000000004,550,6,0.060000000000000005,1.0
0.30000000000000004,550,6,0.06999999999999999,1.0
0.30000000000000004,550,6,0.08,1.0
0.30000000000000004,550,6,0.09,1.0
0.30000000000000004,550,6,0.09999999999999999,1.0
0.4,50,1,0.01,0.9807
0.4,50,1,0.02,0.9981
0.4,50,1,0.03,0.9999
0.4,50,1,0.04,1.0
0.4,50,1,0.05,1.0
0.4,50,1,0.060000000000000005,1.0
0.4,50,1,0.06999999999999999,1.0
0.4,50,1,0.08,1.0
0.4,50,1,0.09,1.0
0.4,50,1,0.09999999999999999,1.0
0.4,50,2,0.01,0.8927
0.4,50,2,0.02,0.9862
0.4,50,2,0.03,0.9985
0.4,50,2,0.04,0.9997
0.4,50,2,0.05,0.9999
0.4,50,2,0.060000000000000005,0.9999
0.4,50,2,0.06999999999999999,1.0
0.4,50,2,0.08,1.0
0.4,50,2,0.09,1.0
0.4,50,2,0.09999999999999999,1.0
0.4,50,3,0.01,0.7023
0.4,50,3,0.02,0.9433
0.4,50,3,0.03,0.9875
0.4,50,3,0.04,0.9969
0.4,50,3,0.05,0.999
0.4,50,3,0.060000000000000005,0.9995
0.4,50,3,0.06999999999999999,0.9998
0.4,50,3,0.08,1.0
0.4,50,3,0.09,1.0
0.4,50,3,0.09999999999999999,1.0
0.4,50,4,0.01,0.4665
0.4,50,4,0.02,0.845
0.4,50,4,0.03,0.9521
0.4,50,4,0.04,0.986
0.4,50,4,0.05,0.9962
0.4,50,4,0.060000000000000005,0.9987
0.4,50,4,0.06999999999999999,0.9992
0.4,50,4,0.08,0.9998
0.4,50,4,0.09,0.9999
0.4,50,4,0.09999999999999999,0.9999
0.4,50,5,0.01,0.2523
0.4,50,5,0.02,0.6876
0.4,50,5,0.03,0.8792
0.4,50,5,0.04,0.9552
0.4,50,5,0.05,0.9837
0.4,50,5,0.060000000000000005,0.9946
0.4,50,5,0.06999999999999999,0.9977
0.4,50,5,0.08,0.999
0.4,50,5,0.09,0.9996
0.4,50,5,0.09999999999999999,0.9997
0.4,50,6,0.01,0.1106
0.4,50,6,0.02,0.5005
0.4,50,6,0.03,0.7573
0.4,50,6,0.04,0.8888
0.4,50,6,0.05,0.9487
0.4,50,6,0.060000000000000005,0.9788
0.4,50,6,0.06999999999999999,0.9905
0.4,50,6,0.08,0.9956
0.4,50,6,0.09,0.9981
0.4,50,6,0.09999999999999999,0.9994
0.4,150,1,0.01,0.9999
0.4,150,1,0.02,1.0
0.4,150,1,0.03,1.0
0.4,150,1,0.04,1.0
0.4,150,1,0.05,1.0
0.4,150,1,0.060000000000000005,1.0
0.4,150,1,0.06999999999999999,1.0
0.4,150,1,0.08,1.0
0.4,150,1,0.09,1.0
0.4,150,1,0.09999999999999999,1.0
0.4,150,2,0.01,0.9984
0.4,150,2,0.02,1.0
0.4,150,2,0.03,1.0
0.4,150,2,0.04,1.0
0.4,150,2,0.05,1.0
0.4,150,2,0.060000000000000005,1.0
0.4,150,2,0.06999999999999999,1.0
0.4,150,2,0.08,1.0
0.4,150,2,0.09,1.0
0.4,150,2,0.09999999999999999,1.0
0.4,150,3,0.01,0.9911
0.4,150,3,0.02,0.9998
0.4,150,3,0.03,1.0
0.4,150,3,0.04,1.0
0.4,150,3,0.05,1.0
0.4,150,3,0.060000000000000005,1.0
0.4,150,3,0.06999999999999999,1.0
0.4,150,3,0.08,1.0
0.4,150,3,0.09,1.0
0.4,150,3,0.09999999999999999,1.0
0.4,150,4,0.01,0.9666
0.4,150,4,0.02,0.9994
0.4,150,4,0.03,0.9999
0.4,150,4,0.04,1.0
0.4,150,4,0.05,1.0
0.4,150,4,0.060000000000000005,1.0
0.4,150,4,0.06999999999999999,1.0
0.4,150,4,0.08,1.0
0.4,150,4,0.09,1.0
0.4,150,4,0.09999999999999999,1.0
0.4,150,5,0.01,0.9033
0.4,150,5,0.02,0.9985
0.4,150,5,0.03,0.9999
0.4,150,5,0.04,1.0
0.4,150,5,0.05,1.0
0.4,150,5,0.060000000000000005,1.0
0.4,150,5,0.06999999999999999,1.0
0.4,150,5,0.08,1.0
0.4,150,5,0.09,1.0
0.4,150,5,0.09999999999999999,1.0
0.4,150,6,0.01,0.7808
0.4,150,6,0.02,0.9948
0.4,150,6,0.03,0.9998
0.4,150,6,0.04,0.9999
0.4,150,6,0.05,1.0
0.4,150,6,0.060000000000000005,1.0
0.4,150,6,0.06999999999999999,1.0
0.4,150,6,0.08,1.0
0.4,150,6,0.09,1.0
0.4,150,6,0.09999999999999999,1.0
0.4,250,1,0.01,1.0
0.4,250,1,0.02,1.0
0.4,250,1,0.03,1.0
0.4,250,1,0.04,1.0
0.4,250,1,0.05,1.0
0.4,250,1,0.060000000000000005,1.0
0.4,250,1,0.06999999999999999,1.0
0.4,250,1,0.08,1.0
0.4,250,1,0.09,1.0
0.4,250,1,0.09999999999999999,1.0
0.4,250,2,0.01,0.9999
0.4,250,2,0.02,1.0
0.4,250,2,0.03,1.0
0.4,250,2,0.04,1.0
0.4,250,2,0.05,1.0
0.4,250,2,0.060000000000000005,1.0
0.4,250,2,0.06999999999999999,1.0
0.4,250,2,0.08,1.0
0.4,250,2,0.09,1.0
0.4,250,2,0.09999999999999999,1.0
0.4,250,3,0.01,0.9995
0.4,250,3,0.02,1.0
0.4,250,3,0.03,1.0
0.4,250,3,0.04,1.0
0.4,250,3,0.05,1.0
0.4,250,3,0.060000000000000005,1.0
0.4,250,3,0.06999999999999999,1.0
0.4,250,3,0.08,1.0
0.4,250,3,0.09,1.0
0.4,250,3,0.09999999999999999,1.0
0.4,250,4,0.01,0.9977
0.4,250,4,0.02,1.0
0.4,250,4,0.03,1.0
0.4,250,4,0.04,1.0
0.4,250,4,0.05,1.0
0.4,250,4,0.060000000000000005,1.0
0.4,250,4,0.06999999999999999,1.0
0.4,250,4,0.08,1.0
0.4,250,4,0.09,1.0
0.4,250,4,0.09999999999999999,1.0
0.4,250,5,0.01,0.9916
0.4,250,5,0.02,1.0
0.4,250,5,0.03,1.0
0.4,250,5,0.04,1.0
0.4,250,5,0.05,1.0
0.4,250,5,0.060000000000000005,1.0
0.4,250,5,0.06999999999999999,1.0
0.4,250,5,0.08,1.0
0.4,250,5,0.09,1.0
0.4,250,5,0.09999999999999999,1.0
0.4,250,6,0.01,0.9684
0.4,250,6,0.02,0.9997
0.4,250,6,0.03,1.0
0.4,250,6,0.04,1.0
0.4,250,6,0.05,1.0
0.4,250,6,0.060000000000000005,1.0
0.4,250,6,0.06999999999999999,1.0
0.4,250,6,0.08,1.0
0.4,250,6,0.09,1.0
0.4,250,6,0.09999999999999999,1.0
0.4,350,1,0.01,1.0
0.4,350,1,0.02,1.0
0.4,350,1,0.03,1.0
0.4,350,1,0.04,1.0
0.4,350,1,0.05,1.0
0.4,350,1,0.060000000000000005,1.0
0.4,350,1,0.06999999999999999,1.0
0.4,350,1,0.08,1.0
0.4,350,1,0.09,1.0
0.4,350,1,0.09999999999999999,1.0
0.4,350,2,0.01,1.0
0.4,350,2,0.02,1.0
0.4,350,2,0.03,1.0
0.4,350,2,0.04,1.0
0.4,350,2,0.05,1.0
0.4,350,2,0.060000000000000005,1.0
0.4,350,2,0.06999999999999999,1.0
0.4,350,2,0.08,1.0
0.4,350,2,0.09,1.0
0.4,350,2,0.09999999999999999,1.0
0.4,350,3,0.01,0.9999
0.4,350,3,0.02,1.0
0.4,350,3,0.03,1.0
0.4,350,3,0.04,1.0
0.4,350,3,0.05,1.0
0.4,350,3,0.060000000000000005,1.0
0.4,350,3,0.06999999999999999,1.0
0.4,350,3,0.08,1.0
0.4,350,3,0.09,1.0
0.4,350,3,0.09999999999999999,1.0
0.4,350,4,0.01,0.9994
0.4,350,4,0.02,1.0
0.4,350,4,0.03,1.0
0.4,350,4,0.04,1.0
0.4,350,4,0.05,1.0
0.4,350,4,0.060000000000000005,1.0
0.4,350,4,0.06999999999999999,1.0
0.4,350,4,0.08,1.0
0.4,350,4,0.09,1.0
0.4,350,4,0.09999999999999999,1.0
0.4,350,5,0.01,0.9986
0.4,350,5,0.02,1.0
0.4,350,5,0.03,1.0
0.4,350,5,0.04,1.0
0.4,350,5,0.05,1.0
0.4,350,5,0.060000000000000005,1.0
0.4,350,5,0.06999999999999999,1.0
0.4,350,5,0.08,1.0
0.4,350,5,0.09,1.0
0.4,350,5,0.09999999999999999,1.0
0.4,350,6,0.01,0.9959
0.4,350,6,0.02,1.0
0.4,350,6,0.03,1.0
0.4,350,6,0.04,1.0
0.4,350,6,0.05,1.0
0.4,350,6,0.060000000000000005,1.0
0.4,350,6,0.06999999999999999,1.0
0.4,350,6,0.08,1.0
0.4,350,6,0.09,1.0
0.4,350,6,0.09999999999999999,1.0
0.4,450,1,0.01,1.0
0.4,450,1,0.02,1.0
0.4,450,1,0.03,1.0
0.4,450,1,0.04,1.0
0.4,450,1,0.05,1.0
0.4,450,1,0.060000000000000005,1.0
0.4,450,1,0.06999999999999999,1.0
0.4,450,1,0.08,1.0
0.4,450,1,0.09,1.0
0.4,450,1,0.09999999999999999,1.0
0.4,450,2,0.01,1.0
0.4,450,2,0.02,1.0
0.4,450,2,0.03,1.0
0.4,450,2,0.04,1.0
0.4,450,2,0.05,1.0
0.4,450,2,0.060000000000000005,1.0
0.4,450,2,0.06999999999999999,1.0
0.4,450,2,0.08,1.0
0.4,450,2,0.09,1.0
0.4,450,2,0.09999999999999999,1.0
0.4,450,3,0.01,1.0
0.4,450,3,0.02,1.0
0.4,450,3,0.03,1.0
0.4,450,3,0.04,1.0
0.4,450,3,0.05,1.0
0.4,450,3,0.060000000000000005,1.0
0.4,450,3,0.06999999999999999,1.0
0.4,450,3,0.08,1.0
0.4,450,3,0.09,1.0
0.4,450,3,0.09999999999999999,1.0
0.4,450,4,0.01,1.0
0.4,450,4,0.02,1.0
0.4,450,4,0.03,1.0
0.4,450,4,0.04,1.0
0.4,450,4,0.05,1.0
0.4,450,4,0.060000000000000005,1.0
0.4,450,4,0.06999999999999999,1.0
0.4,450,4,0.08,1.0
0.4,450,4,0.09,1.0
0.4,450,4,0.09999999999999999,1.0
0.4,450,5,0.01,0.9998
0.4,450,5,0.02,1.0
0.4,450,5,0.03,1.0
0.4,450,5,0.04,1.0
0.4,450,5,0.05,1.0
0.4,450,5,0.060000000000000005,1.0
0.4,450,5,0.06999999999999999,1.0
0.4,450,5,0.08,1.0
0.4,450,5,0.09,1.0
0.4,450,5,0.09999999999999999,1.0
0.4,450,6,0.01,0.9987
0.4,450,6,0.02,1.0
0.4,450,6,0.03,1.0
0.4,450,6,0.04,1.0
0.4,450,6,0.05,1.0
0.4,450,6,0.060000000000000005,1.0
0.4,450,6,0.06999999999999999,1.0
0.4,450,6,0.08,1.0
0.4,450,6,0.09,1.0
0.4,450,6,0.09999999999999999,1.0
0.4,550,1,0.01,1.0
0.4,550,1,0.02,1.0
0.4,550,1,0.03,1.0
0.4,550,1,0.04,1.0
0.4,550,1,0.05,1.0
0.4,550,1,0.060000000000000005,1.0
0.4,550,1,0.06999999999999999,1.0
0.4,550,1,0.08,1.0
0.4,550,1,0.09,1.0
0.4,550,1,0.09999999999999999,1.0
0.4,550,2,0.01,1.0
0.4,550,2,0.02,1.0
0.4,550,2,0.03,1.0
0.4,550,2,0.04,1.0
0.4,550,2,0.05,1.0
0.4,550,2,0.060000000000000005,1.0
0.4,550,2,0.06999999999999999,1.0
0.4,550,2,0.08,1.0
0.4,550,2,0.09,1.0
0.4,550,2,0.09999999999999999,1.0
0.4,550,3,0.01,1.0
0.4,550,3,0.02,1.0
0.4,550,3,0.03,1.0
0.4,550,3,0.04,1.0
0.4,550,3,0.05,1.0
0.4,550,3,0.060000000000000005,1.0
0.4,550,3,0.06999999999999999,1.0
0.4,550,3,0.08,1.0
0.4,550,3,0.09,1.0
0.4,550,3,0.09999999999999999,1.0
0.4,550,4,0.01,1.0
0.4,550,4,0.02,1.0
0.4,550,4,0.03,1.0
0.4,550,4,0.04,1.0
0.4,550,4,0.05,1.0
0.4,550,4,0.060000000000000005,1.0
0.4,550,4,0.06999999999999999,1.0
0.4,550,4,0.08,1.0
0.4,550,4,0.09,1.0
0.4,550,4,0.09999999999999999,1.0
0.4,550,5,0.01,1.0
0.4,550,5,0.02,1.0
0.4,550,5,0.03,1.0
0.4,550,5,0.04,1.0
0.4,550,5,0.05,1.0
0.4,550,5,0.060000000000000005,1.0
0.4,550,5,0.06999999999999999,1.0
0.4,550,5,0.08,1.0
0.4,550,5,0.09,1.0
0.4,550,5,0.09999999999999999,1.0
0.4,550,6,0.01,0.9994
0.4,550,6,0.02,1.0
0.4,550,6,0.03,1.0
0.4,550,6,0.04,1.0
0.4,550,6,0.05,1.0
0.4,550,6,0.060000000000000005,1.0
0.4,550,6,0.06999999999999999,1.0
0.4,550,6,0.08,1.0
0.4,550,6,0.09,1.0
0.4,550,6,0.09999999999999999,1.0
